gene,rho,pval
ENSG00000072958.7,0.5955990026192951,9.932459330069728e-43
ENSG00000110651.10,0.5846084081476443,7.229532717231469e-41
ENSG00000103502.12,0.5801878009812546,3.874827188946125e-40
ENSG00000102226.8,0.5678979926553442,3.614291406464771e-38
ENSG00000105662.14,0.5643389664593453,1.2976515285858245e-37
ENSG00000101161.7,0.5640408585032505,1.443284986658476e-37
ENSG00000037042.8,0.5615717946814338,3.4686223851886437e-37
ENSG00000106397.10,0.5610896120867963,4.112938216256305e-37
ENSG00000104936.16,0.5607137941791079,4.696137723211903e-37
ENSG00000071553.15,0.5594431703364012,7.343491292717665e-37
ENSG00000012211.11,0.5588408982484219,9.070743458698856e-37
ENSG00000068308.12,0.5574499917677601,1.4750164455417807e-36
ENSG00000084774.12,0.5571396469727053,1.6435194895232038e-36
ENSG00000099381.15,0.5568286076290627,1.8315066772038343e-36
ENSG00000108840.14,0.5546745017500717,3.8653251833045235e-36
ENSG00000103249.16,0.5545355483079419,4.055360380228306e-36
ENSG00000076924.10,0.5543065272392401,4.388963103461039e-36
ENSG00000101997.11,0.551316973056658,1.224895125507472e-35
ENSG00000001497.15,0.5486863668670448,2.9965316744801784e-35
ENSG00000105732.11,0.5483808850852377,3.322871488201971e-35
ENSG00000068354.14,0.5483108424858735,3.402520491578611e-35
ENSG00000103148.14,0.5476823508540766,4.207260157540246e-35
ENSG00000051128.17,0.546929958692064,5.421481727546268e-35
ENSG00000100982.10,0.5461373916034693,7.076454808978952e-35
ENSG00000085872.13,0.5448825105387947,1.0773889473466376e-34
ENSG00000106009.14,0.5434196053247546,1.7547832737553514e-34
ENSG00000071889.15,0.542963518002069,2.04201790850677e-34
ENSG00000071051.12,0.5426259560326006,2.284134676750899e-34
ENSG00000108262.14,0.5412915365106212,3.5526334160883342e-34
ENSG00000064545.13,0.5411362807923465,3.7394991273362414e-34
ENSG00000011451.16,0.5403018417996264,4.923460719611294e-34
ENSG00000011243.16,0.5400568536523346,5.336779692196966e-34
ENSG00000115694.13,0.5399546484445628,5.51919717229828e-34
ENSG00000103168.15,0.5384832109572781,8.942720400447887e-34
ENSG00000115568.14,0.538306213493104,9.475714802877231e-34
ENSG00000104907.11,0.5378426516123993,1.1025290292149659e-33
ENSG00000085644.12,0.5376392024415988,1.1782208014361357e-33
ENSG00000105576.14,0.5375325962419805,1.2199136659620194e-33
ENSG00000101199.11,0.5364753774331515,1.721113313995428e-33
ENSG00000107816.16,0.53597212178001,2.0266537979154626e-33
ENSG00000105245.8,0.5354321031212737,2.4143569541805085e-33
ENSG00000063761.14,0.5352795291185429,2.5366203794883672e-33
ENSG00000108819.10,0.5352790431746914,2.5370194118470032e-33
ENSG00000114993.14,0.533396638861719,4.657127471416226e-33
ENSG00000099821.12,0.5328731726788553,5.510374153869875e-33
ENSG00000101216.9,0.5328323744261488,5.583032564013134e-33
ENSG00000102119.9,0.5323572108559906,6.50237344273926e-33
ENSG00000108773.9,0.5322467374809005,6.73671991255226e-33
ENSG00000101940.16,0.5316408407202452,8.178647670469335e-33
ENSG00000079313.10,0.5310794192038962,9.785426774870903e-33
ENSG00000105072.7,0.530783192838256,1.0755312380477852e-32
ENSG00000094631.17,0.5306309894383279,1.1290043703287436e-32
ENSG00000105298.12,0.5306193995245628,1.1331823758484854e-32
ENSG00000013563.12,0.5303963353305513,1.2166414482457822e-32
ENSG00000023191.15,0.5298669235458316,1.4398571943582995e-32
ENSG00000103066.11,0.5296160069199437,1.559363363305945e-32
ENSG00000007866.17,0.5294664830054028,1.6351918488752736e-32
ENSG00000105701.14,0.5292001389414371,1.7794089491198384e-32
ENSG00000074582.11,0.5288811385982377,1.9687791594768662e-32
ENSG00000106683.13,0.5281509009428419,2.480639310786721e-32
ENSG00000115275.10,0.5278478053420903,2.729924574633185e-32
ENSG00000014164.6,0.527677054332185,2.881114547515226e-32
ENSG00000002822.14,0.527411588479522,3.1327761231377955e-32
ENSG00000114650.17,0.5271801010077001,3.3698995155249765e-32
ENSG00000020256.18,0.526297487964551,4.448478285758289e-32
ENSG00000068323.15,0.5260352993751896,4.830221981253963e-32
ENSG00000106246.16,0.5252836473131175,6.113642673897699e-32
ENSG00000101181.16,0.524535337478973,7.725460279475635e-32
ENSG00000103042.7,0.5238381318464165,9.602434656409314e-32
ENSG00000105221.15,0.5237263334418983,9.942770134647076e-32
ENSG00000119242.7,0.5236632878274774,1.0139927114702316e-31
ENSG00000104973.13,0.523508471585662,1.0640631909117043e-31
ENSG00000027847.12,0.5234458220195171,1.0850135498421272e-31
ENSG00000104897.8,0.5228851028791944,1.2916469031858468e-31
ENSG00000071655.16,0.522432970876651,1.4862380761124342e-31
ENSG00000055483.18,0.522425848078487,1.4895248754186779e-31
ENSG00000106263.16,0.5220319851400209,1.6829153738093238e-31
ENSG00000073050.10,0.5219466923151195,1.727960011976718e-31
ENSG00000109065.10,0.5219020109097173,1.752031023951578e-31
ENSG00000105676.12,0.5217743105846097,1.8226704790549564e-31
ENSG00000103496.13,0.5210725683780122,2.2641829681929923e-31
ENSG00000078902.14,0.5210028110916015,2.3134701723415055e-31
ENSG00000020129.14,0.520953201636065,2.349166211733885e-31
ENSG00000068400.12,0.5207714801076546,2.484637579057244e-31
ENSG00000011105.10,0.5206149203013577,2.607528751225135e-31
ENSG00000105726.15,0.5200893406657814,3.0657285607468554e-31
ENSG00000080189.13,0.5196194248957402,3.542327290364273e-31
ENSG00000106290.13,0.5193783391603045,3.814578769341282e-31
ENSG00000118960.11,0.5187530936783019,4.6209050390209566e-31
ENSG00000053501.11,0.518435619296153,5.0926925995637445e-31
ENSG00000106348.15,0.5182398640682939,5.40702661993266e-31
ENSG00000007047.13,0.5181808735787291,5.5054596168917085e-31
ENSG00000103043.13,0.5179201083833724,5.962245825307373e-31
ENSG00000102103.14,0.5176161485628419,6.5421797979493315e-31
ENSG00000111676.13,0.5174812628690817,6.817084151669732e-31
ENSG00000052749.12,0.5169446538330243,8.028520321614489e-31
ENSG00000105568.16,0.5169207205346559,8.087250299334808e-31
ENSG00000105556.9,0.5165411527044835,9.077542404996873e-31
ENSG00000114544.14,0.516498007775029,9.197435511916713e-31
ENSG00000090372.13,0.5164236246774657,9.407823410603252e-31
ENSG00000071894.13,0.5158779325655652,1.1103878851582283e-30
ENSG00000108469.13,0.5157926291214541,1.1395040072440008e-30
ENSG00000112658.7,0.5154561715142629,1.2618935381236677e-30
ENSG00000088038.16,0.5152921586777077,1.3261818258285774e-30
ENSG00000104884.13,0.5147732261459229,1.5516924161897521e-30
ENSG00000103126.13,0.5147019925617689,1.5854721729734868e-30
ENSG00000015676.16,0.5145862636996462,1.6419092505363497e-30
ENSG00000102100.13,0.5142724496488563,1.8051404140157778e-30
ENSG00000076928.16,0.5141378077946417,1.880002234953789e-30
ENSG00000078061.11,0.5134451092123494,2.316463702966703e-30
ENSG00000090447.10,0.5134393568525865,2.3204785306821836e-30
ENSG00000101400.5,0.5127205057581397,2.8803583468860597e-30
ENSG00000102225.14,0.5124050393479503,3.166433042280643e-30
ENSG00000005075.14,0.5117846636866621,3.8134372379182396e-30
ENSG00000115204.13,0.5117342628879052,3.8714116336393695e-30
ENSG00000116521.9,0.511709751756584,3.899920160832048e-30
ENSG00000070814.16,0.5114086893610474,4.2674826418828656e-30
ENSG00000059122.15,0.5112486296481183,4.476637673076576e-30
ENSG00000105325.12,0.5111263358882696,4.643245544064672e-30
ENSG00000106211.8,0.5108905235609561,4.982005691765168e-30
ENSG00000105700.9,0.5108050442665923,5.110744462256261e-30
ENSG00000104960.14,0.5107687278546332,5.166430646268118e-30
ENSG00000071564.13,0.5107372125683074,5.2152409672919836e-30
ENSG00000081692.11,0.510355624354891,5.8436894894549766e-30
ENSG00000063245.13,0.5100432153322312,6.41350336492539e-30
ENSG00000083838.14,0.509515215656438,7.504021492617536e-30
ENSG00000102302.7,0.5088968697032809,9.015943505076482e-30
ENSG00000008710.16,0.5088358943068559,9.18043595557647e-30
ENSG00000090565.14,0.5087857828226721,9.317839837563834e-30
ENSG00000090097.19,0.508670340025684,9.642166491339024e-30
ENSG00000099364.15,0.5086227305191285,9.779149857812821e-30
ENSG00000108828.14,0.5085499927532151,9.992157352962785e-30
ENSG00000005007.11,0.5080939526895696,1.1436164990606418e-29
ENSG00000105705.14,0.5080105168425987,1.1721846317575351e-29
ENSG00000064490.12,0.5077653439434872,1.260277930699457e-29
ENSG00000008838.16,0.5075708449383607,1.3347933419699606e-29
ENSG00000073008.13,0.5069233721060442,1.6156515261901274e-29
ENSG00000067829.17,0.5069069958464687,1.6234652718943455e-29
ENSG00000107719.8,0.5066494091392169,1.7514017165123957e-29
ENSG00000007080.9,0.5065766370024841,1.78931797582285e-29
ENSG00000102977.12,0.5065524786975395,1.802083672189644e-29
ENSG00000103202.11,0.5057354183441968,2.2911325339646848e-29
ENSG00000115649.14,0.505494199140593,2.4591298187636128e-29
ENSG00000011275.17,0.5053847121457195,2.5393466334682633e-29
ENSG00000038358.13,0.50510965884568,2.7524610429347744e-29
ENSG00000063322.12,0.504554194085621,3.238206579169669e-29
ENSG00000032444.14,0.5045096025496526,3.2806902267047995e-29
ENSG00000068001.12,0.5044296791391638,3.3582190446031155e-29
ENSG00000102125.14,0.5042323966150088,3.5574307887538555e-29
ENSG00000005206.15,0.5041741255253246,3.618475742407527e-29
ENSG00000103248.16,0.5039662498767558,3.8448045230491296e-29
ENSG00000101337.14,0.5037258619348519,4.1240253213801213e-29
ENSG00000031823.13,0.5036577990062159,4.206662322392153e-29
ENSG00000105618.12,0.5034487684085097,4.4708230794421305e-29
ENSG00000015532.8,0.5033168729347868,4.645875682189624e-29
ENSG00000107140.14,0.5031827078564658,4.8308912696062837e-29
ENSG00000100105.16,0.5031738101036888,4.843415794634594e-29
ENSG00000115211.14,0.5030280865789906,5.053165000156539e-29
ENSG00000097007.16,0.5029299105679726,5.199513744748883e-29
ENSG00000103174.10,0.5025380847628341,5.82651453306106e-29
ENSG00000108312.13,0.5025122992010511,5.870303815310317e-29
ENSG00000105671.10,0.5024850600383386,5.916915023713145e-29
ENSG00000109066.12,0.5023936158172123,6.076084981119881e-29
ENSG00000103264.14,0.5023146793305449,6.216882819844255e-29
ENSG00000039523.16,0.5018787260658688,7.054591389112966e-29
ENSG00000104946.9,0.5016846099097308,7.462620136296661e-29
ENSG00000106244.11,0.5015749500525005,7.703346680276546e-29
ENSG00000087152.14,0.5015586696725323,7.739734006544963e-29
ENSG00000068394.10,0.5013762446432573,8.15926448754107e-29
ENSG00000117408.9,0.5013738463088805,8.164927130379083e-29
ENSG00000105698.14,0.5013268380098042,8.276704826386232e-29
ENSG00000076201.13,0.501314004240753,8.307483327179181e-29
ENSG00000105722.8,0.500592749548022,1.0231858622157958e-28
ENSG00000010322.14,0.5005124121396989,1.0471766494260271e-28
ENSG00000087460.22,0.5001693862962686,1.1560255526047088e-28
ENSG00000107021.14,0.4999866229366597,1.21851231472111e-28
ENSG00000102901.11,0.4998261356757053,1.2761286545658841e-28
ENSG00000106330.10,0.49971411631705726,1.317932365963305e-28
ENSG00000063169.9,0.49968575125150205,1.3287307483061836e-28
ENSG00000102181.18,0.4995653391232247,1.3755528824034598e-28
ENSG00000063660.7,0.49950356903103166,1.4002013280462607e-28
ENSG00000110104.10,0.4994509600435987,1.421538083255102e-28
ENSG00000082781.10,0.4994218831856103,1.4334684384453738e-28
ENSG00000103197.15,0.49938000936782173,1.4508235361868007e-28
ENSG00000072062.12,0.49929347080551906,1.4873513373928717e-28
ENSG00000104859.13,0.4991152782248133,1.5654534791989714e-28
ENSG00000116337.14,0.49902272592224745,1.607605171238045e-28
ENSG00000071859.13,0.4984681593654972,1.8847245777947851e-28
ENSG00000104853.14,0.4983269515092942,1.9625217054694963e-28
ENSG00000049540.15,0.49811524030007637,2.0851461667459537e-28
ENSG00000062582.12,0.4978050688995164,2.2785939060208528e-28
ENSG00000007255.9,0.4975107794040912,2.478495080468506e-28
ENSG00000103199.12,0.4973489766558816,2.595688583266353e-28
ENSG00000065029.13,0.4972513868793078,2.6690034881067383e-28
ENSG00000118894.13,0.4971970251174515,2.7107268822804607e-28
ENSG00000107829.12,0.4967746120123688,3.0576724365136764e-28
ENSG00000103932.10,0.4967205228701856,3.1051549406537335e-28
ENSG00000089280.17,0.49663202050218447,3.1844239698470076e-28
ENSG00000105583.8,0.4961681883587542,3.6337415243325925e-28
ENSG00000089351.13,0.49611591583653164,3.6881509761419786e-28
ENSG00000099904.14,0.4960735157992208,3.732875192843585e-28
ENSG00000077348.7,0.49593783576131784,3.8796257958870133e-28
ENSG00000070047.10,0.4959170590070823,3.9025956618026614e-28
ENSG00000110108.8,0.49590990117975153,3.9105401310149953e-28
ENSG00000105204.12,0.49537029508371927,4.557825558021387e-28
ENSG00000044090.7,0.4953620419809325,4.568505983940228e-28
ENSG00000058600.14,0.49531958659461806,4.62384009198846e-28
ENSG00000105771.12,0.49504237734801176,5.001780600305632e-28
ENSG00000084731.12,0.4947813590632812,5.385487744520517e-28
ENSG00000105085.9,0.49457755452551727,5.705188964038144e-28
ENSG00000102030.14,0.4944828086508565,5.8601316777151815e-28
ENSG00000049656.12,0.4943744474944159,6.0424433425395545e-28
ENSG00000068137.13,0.4943523632816238,6.080280742363235e-28
ENSG00000091732.14,0.4941289588422335,6.476457907935296e-28
ENSG00000115041.11,0.494120606654981,6.491753957641575e-28
ENSG00000105229.5,0.49384555817706827,7.015919079926172e-28
ENSG00000105397.12,0.4933222310095898,8.131359740423942e-28
ENSG00000063244.11,0.4932881911260839,8.209701213819568e-28
ENSG00000114988.10,0.4932713266161206,8.248790097837237e-28
ENSG00000087884.13,0.49306981557647406,8.73032934578084e-28
ENSG00000105281.11,0.4929197606851139,9.106855075376367e-28
ENSG00000110711.8,0.49291801431701426,9.111330302120219e-28
ENSG00000080845.16,0.49268019037072236,9.741523438761028e-28
ENSG00000112578.8,0.4924908413042215,1.0273904902889417e-27
ENSG00000102858.11,0.49246040563547977,1.036212070649638e-27
ENSG00000106665.14,0.4919924713845886,1.181650638303266e-27
ENSG00000112787.11,0.49185043529197187,1.2296618147869028e-27
ENSG00000099385.10,0.49178468951478066,1.252533091601507e-27
ENSG00000115289.11,0.49148874104522755,1.360801770788823e-27
ENSG00000103145.9,0.4914566591086544,1.3730802103002782e-27
ENSG00000105520.9,0.4914163473720293,1.3886636847365383e-27
ENSG00000085185.14,0.4912677708021266,1.447623608077964e-27
ENSG00000099949.17,0.49126761167171806,1.447688063740129e-27
ENSG00000105723.10,0.4910758233517213,1.5274697789467983e-27
ENSG00000106003.11,0.49102911912400565,1.5475469401163026e-27
ENSG00000101421.3,0.4908156873492608,1.6426662850826176e-27
ENSG00000119777.17,0.4907810446488321,1.658641096409292e-27
ENSG00000063176.14,0.4906854464067094,1.703525100039214e-27
ENSG00000007520.3,0.4905762764403411,1.7562504385330708e-27
ENSG00000109736.13,0.4905013222668689,1.793381170935971e-27
ENSG00000077235.16,0.4902308189401811,1.9339496033757102e-27
ENSG00000068438.13,0.4901208004384757,1.9941874615946038e-27
ENSG00000117877.9,0.49004218175551734,2.038365333728559e-27
ENSG00000102870.5,0.48998960074842746,2.06845025476348e-27
ENSG00000103507.12,0.48993549301400785,2.0998667791301614e-27
ENSG00000091947.8,0.48988690804411517,2.1284781434041187e-27
ENSG00000101150.16,0.4895102080871773,2.363783484610981e-27
ENSG00000072163.17,0.48917634672564003,2.5937035784406903e-27
ENSG00000004142.10,0.4891258120372008,2.630379289980399e-27
ENSG00000106628.9,0.48909107750473657,2.6558846824497423e-27
ENSG00000114859.13,0.4885701894680028,3.0690125003785728e-27
ENSG00000110881.10,0.4884620098748587,3.1624630561784998e-27
ENSG00000103549.20,0.48844709897119126,3.1755623396442853e-27
ENSG00000106636.6,0.48831462601589376,3.2943194605638224e-27
ENSG00000100445.15,0.48779183447442315,3.807356496967492e-27
ENSG00000086544.2,0.48748073956387383,4.149318102549058e-27
ENSG00000115685.13,0.4874129634564392,4.2277523496787866e-27
ENSG00000104852.13,0.4872679555470642,4.400516999385433e-27
ENSG00000076944.13,0.48725317191556394,4.418517513183486e-27
ENSG00000061273.16,0.48713367488674314,4.56671276710795e-27
ENSG00000110274.13,0.48688275907216,4.894056250620187e-27
ENSG00000105321.11,0.48685453275021384,4.9323006400767594e-27
ENSG00000011132.10,0.486765998963585,5.054182677945655e-27
ENSG00000115207.12,0.48671932552706876,5.119629796668251e-27
ENSG00000103510.18,0.4866489110293319,5.219955195531266e-27
ENSG00000006712.13,0.4865999984938574,5.290785805741074e-27
ENSG00000072506.11,0.486542919399927,5.374643858032306e-27
ENSG00000088247.14,0.4864808132192236,5.467379715248297e-27
ENSG00000033050.6,0.4863858016557181,5.612317089150782e-27
ENSG00000006704.9,0.4862709690407489,5.792565210368828e-27
ENSG00000100056.10,0.48602373025690426,6.2002868497284554e-27
ENSG00000105656.11,0.48597474927731493,6.284363940562191e-27
ENSG00000007541.13,0.4855781127730973,7.00801239957519e-27
ENSG00000100429.16,0.48554215080447993,7.077557590202753e-27
ENSG00000099864.16,0.4854590151648662,7.240950723671447e-27
ENSG00000101152.9,0.4851698972729564,7.838730339928693e-27
ENSG00000105323.15,0.48507954056121766,8.035363870502976e-27
ENSG00000119574.11,0.4849752520273627,8.268379820374123e-27
ENSG00000100325.13,0.48489693110922666,8.447753095989871e-27
ENSG00000112511.16,0.48479078213100973,8.697009130746787e-27
ENSG00000058453.15,0.4847546603064844,8.783475441784607e-27
ENSG00000033100.13,0.48450529157901556,9.404015017444342e-27
ENSG00000100324.12,0.4840306137694656,1.0707290109064653e-26
ENSG00000105202.6,0.48398012958346637,1.0855984235608509e-26
ENSG00000044446.10,0.4839080371912073,1.107186526875155e-26
ENSG00000005882.10,0.48372129134718767,1.1650997881925784e-26
ENSG00000007384.14,0.4836506929915746,1.187764606310989e-26
ENSG00000011143.15,0.4835659260890004,1.2155541556546579e-26
ENSG00000086232.11,0.483394780300261,1.2736339965400884e-26
ENSG00000075624.12,0.4833936792700741,1.2740163775099462e-26
ENSG00000111077.16,0.483363530386601,1.2845310840472353e-26
ENSG00000103343.11,0.4833318076530222,1.295687251744885e-26
ENSG00000084693.14,0.48323737014031937,1.329468537855056e-26
ENSG00000102312.19,0.483116612751159,1.3739349593067596e-26
ENSG00000100034.12,0.4830583921052476,1.3958953445333745e-26
ENSG00000105223.17,0.48300416752960246,1.4166601514089277e-26
ENSG00000076984.16,0.48287134041158436,1.468823189128545e-26
ENSG00000100271.15,0.48242053186901607,1.6604141247960804e-26
ENSG00000109111.13,0.4822104603318763,1.7579312572727898e-26
ENSG00000104957.12,0.4821897183898899,1.767861405431743e-26
ENSG00000100243.19,0.4821598440829216,1.7822611013994086e-26
ENSG00000099804.7,0.4820951977339969,1.8138190822592756e-26
ENSG00000103227.17,0.48178989302704306,1.9704772478125104e-26
ENSG00000070413.17,0.4811780852675078,2.3257276902899932e-26
ENSG00000105379.8,0.4811689424131057,2.3314899364201698e-26
ENSG00000119487.15,0.4805993126072804,2.719731401795148e-26
ENSG00000114554.10,0.4804732041850714,2.813961628492908e-26
ENSG00000006194.9,0.4804558542063321,2.8271756613383515e-26
ENSG00000102178.11,0.4804026005440235,2.868118530735479e-26
ENSG00000068120.13,0.48038239610967454,2.8838050416544045e-26
ENSG00000088543.13,0.4802701760174956,2.9724865624403933e-26
ENSG00000110107.7,0.4801660611837618,3.057169327382346e-26
ENSG00000087191.11,0.4801458390414594,3.073891446621878e-26
ENSG00000105401.5,0.47982524862936454,3.351388563529051e-26
ENSG00000105393.14,0.47974859827600064,3.4213185278046283e-26
ENSG00000068654.14,0.4797247281490785,3.443388699752636e-26
ENSG00000008256.14,0.4795728035073746,3.587190262299004e-26
ENSG00000070495.13,0.4795224756903828,3.636122857560539e-26
ENSG00000104731.12,0.4794086934267365,3.749194289300588e-26
ENSG00000008441.15,0.47923517483517764,3.928348600300424e-26
ENSG00000099817.10,0.4792110616539684,3.9539050209307457e-26
ENSG00000115216.12,0.479088772067753,4.086064028663693e-26
ENSG00000013523.8,0.4789883253472452,4.1978736319877096e-26
ENSG00000094914.11,0.4786433464280153,4.6053854583893593e-26
ENSG00000115241.10,0.4785671322876263,4.700554209506893e-26
ENSG00000115053.14,0.47850189740387383,4.783554187211489e-26
ENSG00000106608.15,0.4784233867244907,4.8853665801753126e-26
ENSG00000064547.12,0.4783571515813154,4.9729224262904707e-26
ENSG00000105447.11,0.47823789837777064,5.134487302459165e-26
ENSG00000087087.17,0.478192382878766,5.197509636953485e-26
ENSG00000092096.13,0.47798817134529864,5.489802577112542e-26
ENSG00000103257.7,0.477867119192971,5.6706709354901e-26
ENSG00000111203.10,0.4778250862761045,5.734840437955043e-26
ENSG00000013306.14,0.47770841116315815,5.9167449784273e-26
ENSG00000101391.19,0.47760031766198646,6.090349985742928e-26
ENSG00000073536.16,0.4773438790987106,6.522589118626683e-26
ENSG00000101189.6,0.47733096788055535,6.545135084272014e-26
ENSG00000114767.6,0.47720855266707907,6.762761445281487e-26
ENSG00000005486.15,0.4769217049181667,7.301101686829798e-26
ENSG00000106266.7,0.4763685228193486,8.461544289933149e-26
ENSG00000074181.7,0.4763551546289479,8.491732255434655e-26
ENSG00000103876.10,0.47632046060472044,8.570575238333671e-26
ENSG00000085552.15,0.4760624081907981,9.180136624564734e-26
ENSG00000025772.7,0.47584231259654386,9.7337295275215e-26
ENSG00000011347.8,0.47554536584899465,1.0533185052687119e-25
ENSG00000108604.14,0.47546285587656195,1.0766609773870912e-25
ENSG00000101945.15,0.47544449715454623,1.0819238275307818e-25
ENSG00000105443.12,0.4753457039943656,1.110683868756297e-25
ENSG00000086475.13,0.4752379344710159,1.1429184954713802e-25
ENSG00000090776.5,0.47521167011484683,1.1509133363001945e-25
ENSG00000068903.18,0.47516441317048075,1.1654376300422018e-25
ENSG00000055118.13,0.47513536899657,1.174453939527996e-25
ENSG00000079999.12,0.4750021939109506,1.21668608314536e-25
ENSG00000103005.10,0.47492065761729524,1.2432792413408172e-25
ENSG00000030582.15,0.47491988388878686,1.2435343233902698e-25
ENSG00000104529.16,0.47477859398571354,1.2909916960231685e-25
ENSG00000115042.8,0.474681289890709,1.3247104441071473e-25
ENSG00000102316.15,0.4745170344454085,1.3836139547582163e-25
ENSG00000101294.15,0.47445759195525106,1.405561871136037e-25
ENSG00000100726.13,0.4744025047839264,1.4262084617004062e-25
ENSG00000107130.8,0.4739086642880559,1.6251956133535374e-25
ENSG00000082684.13,0.4738792033624986,1.637897113711984e-25
ENSG00000093010.10,0.4736958284249997,1.7191889422370106e-25
ENSG00000079432.6,0.47367248218708974,1.7298203684676834e-25
ENSG00000065000.14,0.4736486133553061,1.740756893181075e-25
ENSG00000063587.13,0.47364104421179354,1.7442392585069972e-25
ENSG00000101160.12,0.4732113696906127,1.9536207734848942e-25
ENSG00000104825.15,0.47306710660391493,2.0293410061326368e-25
ENSG00000022277.11,0.47302243835995533,2.0533685988345865e-25
ENSG00000099953.8,0.47287125973432254,2.1367927337853617e-25
ENSG00000100991.10,0.47284750330205305,2.15020295097787e-25
ENSG00000080603.15,0.47261209867656906,2.287660231720118e-25
ENSG00000004059.9,0.4724091177926428,2.413126523448134e-25
ENSG00000105619.12,0.4723853505349452,2.4282547998010272e-25
ENSG00000115107.18,0.4723411387520165,2.456645938008353e-25
ENSG00000113119.11,0.4722610233183679,2.5089306723376114e-25
ENSG00000063854.11,0.4718225578947547,2.8151517542342785e-25
ENSG00000106268.14,0.4718004366851597,2.8315428253109457e-25
ENSG00000076826.8,0.4717339620821139,2.881367471254742e-25
ENSG00000103051.17,0.47167914099102354,2.92310806008014e-25
ENSG00000090581.8,0.4716288856775881,2.961896544816663e-25
ENSG00000103034.13,0.4715454485031539,3.027421145852462e-25
ENSG00000090861.14,0.47134466754882887,3.19102202400002e-25
ENSG00000079435.8,0.4713305728094335,3.2028292317018667e-25
ENSG00000101442.9,0.47098989179564615,3.50171400841235e-25
ENSG00000090621.12,0.4709500393180888,3.538428327624533e-25
ENSG00000116809.10,0.4707683464602243,3.710688762468238e-25
ENSG00000082641.14,0.47072936759160017,3.748709091220044e-25
ENSG00000103091.13,0.4706255340985606,3.8518764739813966e-25
ENSG00000102967.10,0.47054652365236443,3.9322537104799663e-25
ENSG00000073169.12,0.4703146322667277,4.177843086806012e-25
ENSG00000116786.10,0.4701090199573922,4.4082303706067095e-25
ENSG00000105186.13,0.4700443233791987,4.48328415691666e-25
ENSG00000100983.8,0.469974213781147,4.566042379438998e-25
ENSG00000101473.15,0.46996462948872053,4.577472362014848e-25
ENSG00000077312.7,0.46989696227147365,4.658978350885363e-25
ENSG00000105227.13,0.46989335525312226,4.663363049470473e-25
ENSG00000101335.8,0.4695889796850096,5.048422210821402e-25
ENSG00000115325.12,0.4695788469877455,5.061766812772173e-25
ENSG00000107796.11,0.4695471226222899,5.103772929346358e-25
ENSG00000104969.8,0.46929460060061734,5.450641909288893e-25
ENSG00000099999.13,0.4692658490035448,5.491582395652548e-25
ENSG00000065802.10,0.4689711900615776,5.929057996007331e-25
ENSG00000089220.4,0.46893397879862925,5.986696361619592e-25
ENSG00000105254.10,0.4688044121945549,6.19173863624391e-25
ENSG00000011304.15,0.4686136569853064,6.506292397618393e-25
ENSG00000115274.13,0.4683632782046562,6.943217276982723e-25
ENSG00000101986.11,0.4682830191202971,7.08931174469388e-25
ENSG00000059915.15,0.4680658062400653,7.500097299166932e-25
ENSG00000100084.13,0.4680082721950904,7.61278446220095e-25
ENSG00000112759.15,0.4676466081831576,8.360421165898493e-25
ENSG00000105248.14,0.46763649515284444,8.382336745856989e-25
ENSG00000112514.14,0.46763081306577037,8.39467506602028e-25
ENSG00000083812.10,0.46762113643735553,8.415728581262989e-25
ENSG00000037897.15,0.4675143355707185,8.651587190783855e-25
ENSG00000108883.11,0.46744493593955705,8.808334907864615e-25
ENSG00000105875.12,0.4673736587947228,8.972241605191376e-25
ENSG00000108468.13,0.4673213477217877,9.094446917276326e-25
ENSG00000104524.12,0.46674727125835674,1.054842001571895e-24
ENSG00000110987.7,0.4664885681398371,1.1276492166967571e-24
ENSG00000116128.8,0.46648808111995044,1.1277908528468199e-24
ENSG00000110011.12,0.466473047598998,1.132171582121252e-24
ENSG00000115317.10,0.466437482916659,1.1426020293646234e-24
ENSG00000100014.18,0.4663203593693303,1.1776273280104144e-24
ENSG00000066117.13,0.46611766284974926,1.24076453000548e-24
ENSG00000101882.8,0.4657394701356323,1.3676287707550867e-24
ENSG00000119669.4,0.465372406546174,1.5029780158136348e-24
ENSG00000073060.14,0.4652025209697831,1.5700171679288749e-24
ENSG00000083444.15,0.46519210411107903,1.5742225191652324e-24
ENSG00000064999.13,0.46513665443149405,1.5967957367652865e-24
ENSG00000101158.11,0.4647422935213343,1.7668201912084112e-24
ENSG00000099797.10,0.4638820985724003,2.2021389010424517e-24
ENSG00000005156.10,0.46349695919343875,2.4298746799046074e-24
ENSG00000042286.13,0.46348572891660067,2.4368527852362688e-24
ENSG00000004777.17,0.46340786379667953,2.485782527736668e-24
ENSG00000021762.18,0.46326205786850844,2.580028038016645e-24
ENSG00000110844.12,0.4631596547115841,2.6483188349361588e-24
ENSG00000105373.17,0.46241889044979634,3.198379574387761e-24
ENSG00000100802.13,0.46210655448763505,3.4628017521429275e-24
ENSG00000101464.9,0.4618684864856473,3.6787349915858355e-24
ENSG00000105127.7,0.4618265251235828,3.71814923273366e-24
ENSG00000114019.13,0.46165329492353646,3.8853239454621114e-24
ENSG00000117411.15,0.4616177380742965,3.920544578212133e-24
ENSG00000047644.16,0.46141632422498124,4.126083885146215e-24
ENSG00000077463.13,0.4613832749582125,4.160811061988645e-24
ENSG00000103335.18,0.4611718711241695,4.389873195514749e-24
ENSG00000100968.12,0.4609727551203459,4.616983673966088e-24
ENSG00000117385.14,0.4608117827213092,4.809032515783561e-24
ENSG00000006016.9,0.4606697829015226,4.984977567856379e-24
ENSG00000109501.12,0.4606401212613008,5.022524238160574e-24
ENSG00000028310.16,0.46063307588478974,5.031483447202627e-24
ENSG00000108592.15,0.4606116312575191,5.058850558692737e-24
ENSG00000101246.18,0.4605110661913129,5.1891618563800526e-24
ENSG00000101076.15,0.46033613619192354,5.4237740971951014e-24
ENSG00000100949.13,0.46030125213454953,5.4717966931704315e-24
ENSG00000088367.19,0.4601499465761951,5.684992917872191e-24
ENSG00000110514.17,0.4600972567646222,5.7611431857775195e-24
ENSG00000102900.11,0.46005951476545054,5.8163079999639424e-24
ENSG00000100413.15,0.4599410195216765,5.99291407060206e-24
ENSG00000114867.18,0.4599153806659741,6.03181725663586e-24
ENSG00000103111.13,0.45987341267015924,6.096036088061451e-24
ENSG00000119599.15,0.45966771531659906,6.4206811602763696e-24
ENSG00000072518.19,0.45908135047950366,7.44272512695062e-24
ENSG00000104980.6,0.4590276739789294,7.543940126353848e-24
ENSG00000101417.10,0.45886526831840074,7.858525595965584e-24
ENSG00000105538.7,0.458863139057026,7.86273486049809e-24
ENSG00000105617.3,0.4588082624245251,7.971989569978077e-24
ENSG00000037280.14,0.4586975298149276,8.197030632630336e-24
ENSG00000116857.15,0.45863013421456716,8.33705526647757e-24
ENSG00000105737.8,0.4584967958365175,8.621077287286913e-24
ENSG00000105364.12,0.45845081653204434,8.72121441947987e-24
ENSG00000087365.13,0.458347277121523,8.950932200583429e-24
ENSG00000050327.13,0.458346223277341,8.95330074394155e-24
ENSG00000108784.8,0.4583165885948479,9.02015933532862e-24
ENSG00000010319.5,0.4581466394576839,9.413204207803236e-24
ENSG00000008853.15,0.4581017589838994,9.51979085746064e-24
ENSG00000089847.11,0.45803489905449646,9.680788955375647e-24
ENSG00000100979.13,0.4580329665113137,9.685482237208339e-24
ENSG00000006282.18,0.45787784227671524,1.006962559134151e-23
ENSG00000101193.7,0.4574799286288078,1.1125106927229513e-23
ENSG00000110497.13,0.45740478188853373,1.1336353590383038e-23
ENSG00000047849.20,0.4573824298509149,1.1399948234652214e-23
ENSG00000106305.8,0.45731982407399774,1.1579950324384581e-23
ENSG00000075785.11,0.4572201067510563,1.1872462080500954e-23
ENSG00000115657.11,0.4569569803619647,1.2679784516403939e-23
ENSG00000109118.12,0.4569520581905529,1.2695391601911514e-23
ENSG00000062598.16,0.45690283873652904,1.2852501560491896e-23
ENSG00000110046.11,0.4568201227177358,1.3120866195819212e-23
ENSG00000100284.19,0.456810359037532,1.3152906188381767e-23
ENSG00000101146.11,0.45673573031761444,1.3400367732745922e-23
ENSG00000071462.10,0.456652286281235,1.3682502978459826e-23
ENSG00000110237.3,0.45661621686070947,1.3806265458055253e-23
ENSG00000103855.16,0.4564635536140763,1.4342435680397248e-23
ENSG00000096384.18,0.4563193582618393,0
ENSG00000063180.7,0.45606578227978595,1.5837878168135483e-23
ENSG00000119772.15,0.4560398595855479,1.5940508411985418e-23
ENSG00000115652.13,0.4559221909536314,1.6414680099553083e-23
ENSG00000011485.13,0.45588401818491364,1.6571475230674822e-23
ENSG00000074219.12,0.45578806277298795,1.6972169849961488e-23
ENSG00000060491.15,0.45572251931956487,1.725134910535241e-23
ENSG00000104886.8,0.455493773436304,1.8261651826636995e-23
ENSG00000076356.6,0.4554014151791356,1.8685920198921816e-23
ENSG00000105472.11,0.4552152670529664,1.9570806936016694e-23
ENSG00000072110.12,0.45521492314178486,1.9572479445892138e-23
ENSG00000104866.9,0.4552086730683957,1.960289940472322e-23
ENSG00000108344.13,0.4551216960348944,2.0031101941477384e-23
ENSG00000100401.18,0.4550465742214561,2.0408358106078747e-23
ENSG00000075914.11,0.4550410222264133,2.0436516398970216e-23
ENSG00000113141.14,0.45500842229325106,2.060262995982464e-23
ENSG00000076604.13,0.4548032496856456,2.167909610182215e-23
ENSG00000115806.11,0.4545351330667976,2.3169825788388068e-23
ENSG00000088826.16,0.4539697431656286,2.6652814007610216e-23
ENSG00000087074.7,0.45389132134251964,2.717503618640416e-23
ENSG00000111652.8,0.45387892517173206,2.725850297287019e-23
ENSG00000062822.11,0.4537301014923864,2.828053806127467e-23
ENSG00000100242.14,0.4534994664733136,2.993956413263815e-23
ENSG00000088256.7,0.4533966978108717,3.070939344783973e-23
ENSG00000110619.15,0.4533053541952746,3.141001215652772e-23
ENSG00000101412.12,0.4532603133286696,3.1761264197929193e-23
ENSG00000105559.10,0.45308987936787215,3.3125825228102303e-23
ENSG00000099331.12,0.45297285310723384,3.4096113548419466e-23
ENSG00000066056.12,0.45294920030238867,3.429560336418675e-23
ENSG00000108774.13,0.4528353865037238,3.5271736654385497e-23
ENSG00000065054.12,0.4528241961922596,3.536917860244235e-23
ENSG00000012061.14,0.4528210543019371,3.539658498197776e-23
ENSG00000100591.6,0.4526569580559081,3.6857481294070736e-23
ENSG00000105518.12,0.45265656483058414,3.686105252506539e-23
ENSG00000107815.6,0.4522503605535106,4.0738541295596794e-23
ENSG00000095066.10,0.4521959067347945,4.128802482890414e-23
ENSG00000100023.16,0.4521564777518834,4.169045326522244e-23
ENSG00000117266.14,0.45198087807724663,4.3530199901685803e-23
ENSG00000115307.15,0.4518521621648561,4.4929399991403996e-23
ENSG00000114026.20,0.45178906437874006,4.5631416158316737e-23
ENSG00000100246.11,0.4517343231440412,4.624921762339779e-23
ENSG00000114503.9,0.45162294053980717,4.753185331446272e-23
ENSG00000101407.11,0.4513832365306031,5.041240202031665e-23
ENSG00000117122.12,0.45136822841571844,5.0598378070276393e-23
ENSG00000117592.8,0.45129017646907443,5.157654216021468e-23
ENSG00000104964.13,0.45128048250871566,5.1699323939193664e-23
ENSG00000010165.18,0.451271312745868,5.181573170671339e-23
ENSG00000107874.9,0.4510944024069859,5.411286115239195e-23
ENSG00000112118.16,0.4509916025131015,5.549353864271686e-23
ENSG00000061337.14,0.4509657556441473,5.584611303376045e-23
ENSG00000103245.12,0.4508957295129213,5.681247420957883e-23
ENSG00000101452.13,0.45084503739668536,5.752230091960541e-23
ENSG00000049769.11,0.4508417674981376,5.756838754537548e-23
ENSG00000116604.16,0.45081907474955596,5.788922896469913e-23
ENSG00000108433.14,0.4508079889161287,5.80466067471183e-23
ENSG00000099814.14,0.4507508980230357,5.886379418632522e-23
ENSG00000108465.13,0.4505247923485855,6.221320205197972e-23
ENSG00000119383.18,0.4505062986962936,6.249533155896092e-23
ENSG00000052344.14,0.4504161421392735,6.388888962747073e-23
ENSG00000102057.8,0.4504039905329852,6.407904722645175e-23
ENSG00000106459.13,0.4503007744713722,6.571692649939248e-23
ENSG00000104979.7,0.4502927156141421,6.584653254463741e-23
ENSG00000103275.17,0.45021887397195925,6.704588740596326e-23
ENSG00000103067.10,0.4500775100674673,6.940238515554435e-23
ENSG00000106635.6,0.44989437937150967,7.257695499719216e-23
ENSG00000099889.12,0.4496337922486513,7.7342554918113e-23
ENSG00000100364.17,0.4495699467492833,7.855646088895455e-23
ENSG00000115073.7,0.4494575101922844,8.074009807070644e-23
ENSG00000079462.6,0.4494160709321395,8.1559902431836e-23
ENSG00000100263.12,0.44931853736648686,8.352198289679003e-23
ENSG00000101191.15,0.4491807009789118,8.637446093309389e-23
ENSG00000004975.10,0.44884519414852714,9.372550702732183e-23
ENSG00000104863.10,0.44852467502050763,1.0132320832556164e-22
ENSG00000100425.17,0.4484133951903143,1.0410059263955009e-22
ENSG00000102898.10,0.44837203258215075,1.0515197525311131e-22
ENSG00000115234.9,0.44827130356274586,1.0775638593817503e-22
ENSG00000105341.17,0.44826362334162795,1.079575534518124e-22
ENSG00000059145.17,0.4482291850045241,1.088641587196476e-22
ENSG00000070756.12,0.44813201076757975,0
ENSG00000067836.11,0.4479718537370248,1.1588044356256604e-22
ENSG00000119760.14,0.4479133286474941,1.1753739109235038e-22
ENSG00000112561.16,0.44784544404708526,1.1948861312184636e-22
ENSG00000102034.15,0.4476453848963225,1.2542669589258272e-22
ENSG00000104805.14,0.44760780462325583,1.2657417684347972e-22
ENSG00000006062.12,0.4473998166571265,1.3311466200997713e-22
ENSG00000105821.13,0.44724822181689905,1.3809073009348936e-22
ENSG00000107341.4,0.44721440458214406,1.3922555881532996e-22
ENSG00000100345.19,0.4472029790405024,1.396110488166801e-22
ENSG00000095906.15,0.44720124142069495,1.3966976708216104e-22
ENSG00000103037.10,0.44710988613416736,1.4279142530944131e-22
ENSG00000033627.13,0.44705204000709703,1.4480353648689215e-22
ENSG00000106682.13,0.4468726875892134,1.5122155538429582e-22
ENSG00000067840.11,0.4468608980220235,1.5165313076717217e-22
ENSG00000007545.14,0.4468351978192379,1.5259814156837555e-22
ENSG00000105402.6,0.44658871931025423,1.6196141099704756e-22
ENSG00000090674.14,0.44647457290962944,1.6648744235818416e-22
ENSG00000116525.12,0.44645704144786114,1.6719354773309759e-22
ENSG00000040487.11,0.4463694972867983,1.7076395931886266e-22
ENSG00000006638.10,0.4463052924139028,1.7343019809965992e-22
ENSG00000111361.11,0.4461938706844324,1.7815501011903546e-22
ENSG00000105429.11,0.4461829447701454,1.7862509961175045e-22
ENSG00000008382.14,0.44608285917316765,1.8298863104191059e-22
ENSG00000099203.5,0.44593917637561414,1.8943728361034207e-22
ENSG00000105643.8,0.44566098687412936,2.0256633181575147e-22
ENSG00000047578.11,0.4456136568308076,2.048876892579035e-22
ENSG00000076650.5,0.4454697548715797,2.1210787994036e-22
ENSG00000115539.12,0.4454614843602958,2.125303889968297e-22
ENSG00000109705.7,0.44543096657082304,2.1409662174209524e-22
ENSG00000099917.16,0.4453374048511237,2.189696845794058e-22
ENSG00000103365.14,0.44533570637921466,2.190591510740731e-22
ENSG00000115556.12,0.4453215787728195,2.1980471689646e-22
ENSG00000105953.13,0.44522192011255185,2.251356393481751e-22
ENSG00000112167.8,0.4451174110885225,2.3086299581449943e-22
ENSG00000102309.11,0.44476095636007074,2.514997663752298e-22
ENSG00000105258.7,0.4447380239155515,2.5288802423708206e-22
ENSG00000066379.13,0.44472180301871467,2.5387454686445164e-22
ENSG00000077454.14,0.4445883407172681,2.6213685742223924e-22
ENSG00000113360.15,0.44455500808336595,2.642414413023532e-22
ENSG00000111321.9,0.44417707846449467,2.8930082542149443e-22
ENSG00000037241.6,0.44417197343921083,2.89654882841186e-22
ENSG00000109917.9,0.4438193742599162,3.151717877089143e-22
ENSG00000100029.16,0.4438112060660898,3.1578844286177144e-22
ENSG00000103222.17,0.44372890375579316,3.2206860491703254e-22
ENSG00000108349.13,0.44370042601577464,3.2427018245680357e-22
ENSG00000065989.14,0.44356984393395493,3.345568662010804e-22
ENSG00000086015.19,0.443552849436772,3.3591906526319233e-22
ENSG00000113504.18,0.44350502049405677,3.3978223599004443e-22
ENSG00000106089.10,0.4433881567467852,3.49406657523569e-22
ENSG00000118705.15,0.44318489588915405,3.667909135352677e-22
ENSG00000117362.11,0.44303423045934937,3.8022465543255025e-22
ENSG00000018610.12,0.4429476620664771,3.8816160479528837e-22
ENSG00000084234.15,0.4428671277286708,3.956919119892563e-22
ENSG00000089597.15,0.442825401959483,3.996499211882715e-22
ENSG00000116586.10,0.44260603001659066,4.2111007738688944e-22
ENSG00000111642.13,0.44246952179699783,4.350334999056251e-22
ENSG00000100083.17,0.4424054779835606,4.417212752159611e-22
ENSG00000071626.15,0.44238872632223625,4.434872300790592e-22
ENSG00000105287.11,0.44228345812026504,4.547449936780551e-22
ENSG00000103512.13,0.4422710408679112,4.560913809992454e-22
ENSG00000064419.12,0.44220782563951927,4.630069127537485e-22
ENSG00000010803.15,0.4420951610416824,4.755893268163976e-22
ENSG00000037474.13,0.44197167731380677,4.897675030999887e-22
ENSG00000115677.15,0.44193512330614204,4.940439502765557e-22
ENSG00000105063.17,0.44191633657468005,4.96256110153042e-22
ENSG00000078814.14,0.441811439186814,5.087886143354078e-22
ENSG00000101331.14,0.4417261354344742,5.192098526105189e-22
ENSG00000105607.11,0.4417052568673791,5.217924026756373e-22
ENSG00000108591.8,0.44155727850538584,5.404630060322937e-22
ENSG00000088876.10,0.44145327210320795,5.53978292437476e-22
ENSG00000114745.12,0.4414462775298062,5.548990804295363e-22
ENSG00000103423.12,0.4411525918215981,5.949532750759395e-22
ENSG00000070614.13,0.44092505190742953,6.279342060291028e-22
ENSG00000104812.13,0.44092326097958084,6.282008143338506e-22
ENSG00000039650.8,0.4407555978981422,6.536608450515213e-22
ENSG00000096746.16,0.44050880426772376,6.929984166101484e-22
ENSG00000105486.12,0.44027735831394094,7.320063520527142e-22
ENSG00000107263.17,0.4401398841578245,7.561929159230859e-22
ENSG00000102241.10,0.4401308657219395,7.578068350751836e-22
ENSG00000050820.15,0.4399860039386662,7.842012667902143e-22
ENSG00000072195.13,0.4398646925544825,8.070004824385114e-22
ENSG00000103363.13,0.4395974581518923,8.595551807368086e-22
ENSG00000113716.11,0.4394343163768545,8.932829168821795e-22
ENSG00000111641.9,0.4394310280307988,8.939759900001157e-22
ENSG00000070761.6,0.4394004632817122,9.004434336799005e-22
ENSG00000101220.16,0.4393325861670546,9.149715377211306e-22
ENSG00000101040.18,0.4393089245841281,9.200900812202347e-22
ENSG00000104983.7,0.4392132652205475,9.410727488310736e-22
ENSG00000101460.11,0.43920815420980547,9.422070185352758e-22
ENSG00000114956.18,0.4391397014635014,9.57529057407617e-22
ENSG00000116685.14,0.4390495120677144,9.780920917367605e-22
ENSG00000105699.15,0.43902491483377926,9.837753821065355e-22
ENSG00000105519.11,0.4388137621813475,1.0339216450307398e-21
ENSG00000065057.6,0.4387937951721244,1.0387920015569475e-21
ENSG00000067596.9,0.43876547302060864,1.0457391649160274e-21
ENSG00000033011.10,0.4386484250501407,1.0749390475940917e-21
ENSG00000099783.10,0.4385130557885546,1.1097129894026065e-21
ENSG00000019485.11,0.4384333482547708,1.1307047650629538e-21
ENSG00000115661.12,0.43840829189689884,1.137384125503365e-21
ENSG00000118707.8,0.43829642884027226,1.1676814693198692e-21
ENSG00000089289.14,0.4382726929768483,1.1742117675598909e-21
ENSG00000100403.11,0.43817348694283764,1.201897652694686e-21
ENSG00000077044.8,0.4381145737014951,1.2186423773621814e-21
ENSG00000088305.17,0.43798466926498497,1.2563816572834426e-21
ENSG00000119403.12,0.43795304699145,1.2657414232073817e-21
ENSG00000071082.9,0.4379068311225834,1.2795444721775475e-21
ENSG00000002834.16,0.4377503534705036,1.327389778786338e-21
ENSG00000119559.14,0.4376580634162545,1.3564312191357336e-21
ENSG00000108298.8,0.4376464846842092,1.3601187046167305e-21
ENSG00000096070.18,0.4374370351242356,1.4285543953924392e-21
ENSG00000106351.11,0.43742757374362956,1.4317246778543737e-21
ENSG00000103495.12,0.4372175667977146,1.503905988869683e-21
ENSG00000103326.9,0.43719770731665786,1.5109147353712506e-21
ENSG00000100239.14,0.43713507961175424,1.5332286717001382e-21
ENSG00000100813.13,0.43695791361302194,1.5981265124919522e-21
ENSG00000087088.18,0.4369328900997867,1.607508509155517e-21
ENSG00000100319.12,0.43679234569089886,1.6612201354212984e-21
ENSG00000108107.11,0.4363254012606205,1.8526912182759277e-21
ENSG00000105963.12,0.43625944730691407,1.881433074043346e-21
ENSG00000107223.11,0.43619425380809235,1.9102753933751016e-21
ENSG00000115282.18,0.43592356070283833,2.0347675951590796e-21
ENSG00000112763.14,0.4359142189525975,2.0392036997239733e-21
ENSG00000107164.15,0.4358947725933038,2.048468768475782e-21
ENSG00000117360.11,0.4358764417107871,2.0572403656076213e-21
ENSG00000011009.9,0.4355553004216687,2.2170568754558644e-21
ENSG00000103035.9,0.4355226585983239,2.233970668811357e-21
ENSG00000108861.7,0.43529673618860715,2.354573172100921e-21
ENSG00000070444.13,0.4352807842250922,2.3633272482438007e-21
ENSG00000078246.14,0.43525961230913357,2.37499548078492e-21
ENSG00000115286.18,0.4352123851314573,2.4012282515942096e-21
ENSG00000103194.14,0.43518054124443023,2.4190772381187637e-21
ENSG00000066044.12,0.43512083236239824,2.4528982036842925e-21
ENSG00000116096.5,0.43495068608727977,2.551851798350813e-21
ENSG00000105270.13,0.4348781434304052,2.5952281040757735e-21
ENSG00000099899.13,0.4348309101493641,2.623860692654767e-21
ENSG00000102796.9,0.43468672245967466,2.713206571201411e-21
ENSG00000084072.15,0.4344843285161555,2.8436989557695763e-21
ENSG00000118046.13,0.4343605418071226,2.9265384191621145e-21
ENSG00000099956.16,0.4340854869916281,3.1192175789841777e-21
ENSG00000048162.18,0.4340320240721375,3.1580948744736987e-21
ENSG00000078699.20,0.4338427452789171,3.2996126551285373e-21
ENSG00000107104.17,0.4336627097457695,3.440012005550281e-21
ENSG00000023892.10,0.4335108311336858,3.56301983762496e-21
ENSG00000112855.13,0.43350665175010683,3.566465340124623e-21
ENSG00000105664.9,0.4334775883200685,3.59051635316224e-21
ENSG00000116691.9,0.43336084436357464,3.688747363398685e-21
ENSG00000117425.12,0.43325293517179836,3.781897861891601e-21
ENSG00000076706.13,0.4332508840185549,3.783690747891303e-21
ENSG00000068745.13,0.43324157126913915,3.791841441306251e-21
ENSG00000108852.13,0.43321344185321803,3.816566060653485e-21
ENSG00000055044.9,0.43313641217810755,3.885088287710933e-21
ENSG00000116871.14,0.4331122710052931,3.9068117227271176e-21
ENSG00000011052.20,0.43306555797456253,3.949186949202871e-21
ENSG00000106105.12,0.4330285853163012,3.9830471880241456e-21
ENSG00000101363.11,0.4329730135427946,4.034479784481643e-21
ENSG00000106333.11,0.4327558415229158,4.24182915473655e-21
ENSG00000116649.8,0.4325888939279039,4.408333988174517e-21
ENSG00000100311.15,0.432411959180297,4.591832046824883e-21
ENSG00000061936.8,0.4321225107900522,4.908376797380284e-21
ENSG00000108963.16,0.43209932287096814,4.934646511430107e-21
ENSG00000063241.6,0.4320628171266093,4.976285115214861e-21
ENSG00000106638.14,0.43187380456671026,5.1974743735558375e-21
ENSG00000013275.6,0.43179365808975795,5.2941643883522505e-21
ENSG00000081721.10,0.43169040456877683,5.4213480309037946e-21
ENSG00000111667.12,0.4315849785755942,5.5543139855977964e-21
ENSG00000106609.15,0.43156208318526645,5.583612262325385e-21
ENSG00000091073.18,0.4315534944819953,5.5946421075287356e-21
ENSG00000106012.16,0.4315335821269747,5.620296763011387e-21
ENSG00000105251.9,0.4313261332044343,5.894562159042642e-21
ENSG00000114353.15,0.43118009651857087,6.095504368893481e-21
ENSG00000087077.10,0.43115569792763764,6.129727994233262e-21
ENSG00000104835.13,0.43095572375079755,6.4174595694793504e-21
ENSG00000088808.15,0.43092726279248783,6.4594779253107946e-21
ENSG00000119630.12,0.4308815167415348,6.527583940187151e-21
ENSG00000099860.7,0.4308363772743238,6.5954804025197745e-21
ENSG00000078319.8,0.4308346401811097,6.598107108850053e-21
ENSG00000105135.14,0.4306822825632932,6.832546996931478e-21
ENSG00000103356.14,0.4302039274371073,7.623258553943223e-21
ENSG00000008988.8,0.43016992325138986,7.682781188501912e-21
ENSG00000055130.14,0.43014978096123424,7.718255015831793e-21
ENSG00000086758.14,0.43011086942926424,7.787242221204832e-21
ENSG00000063601.15,0.4297130983842603,8.528256823737934e-21
ENSG00000111271.13,0.42962164808248393,8.708208713034225e-21
ENSG00000007376.6,0.4295920300918232,8.767287948508995e-21
ENSG00000071127.15,0.4295252506827585,8.90194642066181e-21
ENSG00000079616.11,0.4294021706568888,9.15549425652897e-21
ENSG00000082516.8,0.42931385312689224,9.34180268195102e-21
ENSG00000008128.21,0.42922839513843736,9.525633492589275e-21
ENSG00000114779.18,0.42899909793000424,1.0036678653134095e-20
ENSG00000102390.9,0.42898649734318306,1.0065532166960006e-20
ENSG00000064666.13,0.42895836173300317,1.0130253969203127e-20
ENSG00000102984.13,0.4289312026682456,1.0193118292128515e-20
ENSG00000109846.6,0.4287941244380276,1.051632325319981e-20
ENSG00000116698.19,0.42872951214037913,1.067214845117053e-20
ENSG00000119638.11,0.4286842582720032,1.0782639583787962e-20
ENSG00000088356.5,0.42866705928567095,1.0824927313602996e-20
ENSG00000095059.14,0.42842944115231035,1.1426166578739372e-20
ENSG00000057935.12,0.42838871048274957,1.1532479416769173e-20
ENSG00000103047.6,0.42831613978148075,1.1724320026565461e-20
ENSG00000070476.13,0.4282925069427897,1.1787469560141112e-20
ENSG00000112130.15,0.42811281298089465,1.2278720267505672e-20
ENSG00000070770.7,0.427958391458342,1.2716957725525044e-20
ENSG00000104824.15,0.42788243325634695,1.2938141039156054e-20
ENSG00000099995.17,0.4278563267985961,1.3015032504574316e-20
ENSG00000113761.10,0.4277816112678248,1.3237589520744266e-20
ENSG00000085982.12,0.42774336278067937,1.3352968172453125e-20
ENSG00000115266.10,0.42768850933191777,1.3520168018475641e-20
ENSG00000078687.15,0.4275986746145877,1.3798461283133442e-20
ENSG00000089693.9,0.4275216332431176,1.404161299955283e-20
ENSG00000042753.10,0.4275090104908771,1.408185242490234e-20
ENSG00000102878.14,0.42750050614142737,1.410902704555375e-20
ENSG00000108797.10,0.4274209183631467,1.436585766805857e-20
ENSG00000064489.20,0.42739148626260764,1.4461997508643694e-20
ENSG00000041802.9,0.42716718073408544,1.5215815410336687e-20
ENSG00000067365.13,0.42707020954030717,1.555356888786168e-20
ENSG00000112655.14,0.42706933997249547,1.5556630789525426e-20
ENSG00000014216.14,0.42691413122364164,1.611277003170198e-20
ENSG00000047579.18,0.42690962116910325,1.6129219817662203e-20
ENSG00000105058.10,0.42673602648988146,1.6775114353047942e-20
ENSG00000099875.13,0.426700623122924,1.6909934931801923e-20
ENSG00000011028.12,0.42664153528770904,1.7137330650755186e-20
ENSG00000108961.12,0.42645662424022707,1.7868592972919847e-20
ENSG00000112473.15,0.42645073647550263,1.789237526150273e-20
ENSG00000103415.10,0.4262247807411613,1.8829019470148905e-20
ENSG00000087086.12,0.42603763856664084,0
ENSG00000087157.17,0.42585943192762993,2.0446668882713227e-20
ENSG00000095319.13,0.4257599154061506,2.0910532675361532e-20
ENSG00000086504.14,0.425751734183424,2.0949124756931162e-20
ENSG00000116584.16,0.42563977315832974,2.14843666826944e-20
ENSG00000119718.9,0.42552562777761865,2.2043917985488125e-20
ENSG00000072832.13,0.42550872106192955,2.2128007952190335e-20
ENSG00000110171.17,0.4254727556073859,2.2307944148417404e-20
ENSG00000100395.13,0.4254577116643556,2.238363631496185e-20
ENSG00000106991.12,0.4253050209630197,2.3166345889957013e-20
ENSG00000084754.9,0.42529755395343094,2.3205306511974697e-20
ENSG00000113068.8,0.4252078520375643,2.367842017913128e-20
ENSG00000100151.14,0.42507022580892045,2.4422834689031256e-20
ENSG00000077713.17,0.42495018734448387,2.509090975957615e-20
ENSG00000051009.9,0.424933438880963,2.5185543392834776e-20
ENSG00000099994.10,0.4247882503365993,2.6020774392281298e-20
ENSG00000101346.10,0.4247850024225114,2.6039767454268678e-20
ENSG00000105767.2,0.42472613732452935,2.638637360632148e-20
ENSG00000066248.13,0.4246452961952431,2.686979523289974e-20
ENSG00000115884.9,0.42464378095644545,2.6878939005511392e-20
ENSG00000115128.6,0.4246336320423209,2.6940262132505794e-20
ENSG00000104881.13,0.4246254977942589,2.6989511460646987e-20
ENSG00000100353.16,0.4246193023217111,2.7027081842288357e-20
ENSG00000108375.11,0.4246161706931671,2.7046092160443516e-20
ENSG00000115756.11,0.4244510771807159,2.80671534932106e-20
ENSG00000114982.16,0.4244328982121249,2.8181880737903714e-20
ENSG00000089737.14,0.42425968348340237,2.929847118106493e-20
ENSG00000103550.12,0.42419603995369476,2.971959000091812e-20
ENSG00000006327.12,0.4239661105774897,3.129127619820865e-20
ENSG00000090266.11,0.4238521087512264,3.2100620289788755e-20
ENSG00000115761.14,0.42384572036760865,3.214657914291578e-20
ENSG00000100461.16,0.4236880028595733,3.330200010835012e-20
ENSG00000103353.14,0.4236529690221036,3.3564154708950843e-20
ENSG00000087263.15,0.4235455523989473,3.4380679771931733e-20
ENSG00000100836.9,0.4235171680944512,3.4599691038998457e-20
ENSG00000069696.6,0.42314381234116644,3.761165254704598e-20
ENSG00000100307.11,0.42311360124015285,3.7866374447301527e-20
ENSG00000115318.10,0.42305451966884516,3.836943575290258e-20
ENSG00000006042.10,0.422880429516402,3.989035248889711e-20
ENSG00000117153.14,0.4227765546078941,4.0825970211083193e-20
ENSG00000029993.13,0.42275674446640504,4.1006841903599016e-20
ENSG00000067191.14,0.4227361755361599,4.1195476788852615e-20
ENSG00000007516.12,0.4227059542206787,4.147418391719317e-20
ENSG00000083307.9,0.4226762658681542,4.174978424215242e-20
ENSG00000108825.16,0.4224784171217253,4.363306663584486e-20
ENSG00000109079.8,0.42236171655476007,4.478289538027216e-20
ENSG00000069424.13,0.42211712012350056,4.72905592605594e-20
ENSG00000020181.16,0.42209593991973193,4.751410097287369e-20
ENSG00000078967.11,0.42193482100239815,4.9249012208163206e-20
ENSG00000066136.18,0.421900326119271,4.9628480627899344e-20
ENSG00000065717.13,0.4218519496369623,5.0165512514133075e-20
ENSG00000105137.11,0.42177016757875113,5.108642986611405e-20
ENSG00000110536.12,0.42175247166884505,5.12878776232617e-20
ENSG00000111325.15,0.42161587846753146,5.2869389879370773e-20
ENSG00000089639.9,0.42155619120162213,5.357545528868031e-20
ENSG00000107937.17,0.4214187441965732,5.523688412913602e-20
ENSG00000102890.13,0.4214053259191072,5.540177478173173e-20
ENSG00000102265.10,0.4214049035895719,5.54069724451358e-20
ENSG00000115866.9,0.4213221840479232,5.64343273108952e-20
ENSG00000105669.11,0.42115376306978897,5.858440650297774e-20
ENSG00000102882.10,0.4209155400284143,6.176397631516458e-20
ENSG00000080608.9,0.4208904779317222,6.210820300228193e-20
ENSG00000032389.11,0.4208707642823447,6.238029612851395e-20
ENSG00000118804.8,0.42079902434585964,6.338041702630699e-20
ENSG00000100842.11,0.4207455321237677,6.413641024853177e-20
ENSG00000106479.9,0.42063716592289035,6.569524846304266e-20
ENSG00000114853.12,0.4205121717901319,6.753966120800869e-20
ENSG00000062282.13,0.4204985535732533,6.774366669511257e-20
ENSG00000108799.11,0.41979181545737876,7.920674494799596e-20
ENSG00000117419.13,0.4197615270572694,7.973853800200054e-20
ENSG00000115459.16,0.41959388341150833,8.27461838305724e-20
ENSG00000037757.12,0.41956527457582227,8.327048966870055e-20
ENSG00000003249.12,0.4195565027506305,8.343190277048062e-20
ENSG00000101444.11,0.4193706428836644,8.692532572307075e-20
ENSG00000112640.13,0.4193657112644188,8.701995587453217e-20
ENSG00000088325.14,0.4192765394206582,8.87486338420373e-20
ENSG00000115468.10,0.41918621317462396,9.053416329220052e-20
ENSG00000105516.9,0.419178287726242,9.069250791544339e-20
ENSG00000102003.9,0.41914420506483435,9.137656859769879e-20
ENSG00000005339.11,0.4186732731024347,1.0136518005187882e-19
ENSG00000109667.10,0.4185392667142622,1.0439896563834349e-19
ENSG00000118900.13,0.41849245860596856,1.0547959104899581e-19
ENSG00000118369.11,0.4183413852967642,1.0904301103809499e-19
ENSG00000100280.15,0.41820956694726424,1.1224892446206712e-19
ENSG00000110400.9,0.417989676517601,1.1780458926486127e-19
ENSG00000069509.5,0.41786265174376436,1.2113643041216518e-19
ENSG00000113758.12,0.4176505574878056,1.2690763291271179e-19
ENSG00000108379.8,0.41760612757283344,1.2815046296242154e-19
ENSG00000100138.12,0.4173460481960745,1.3566973288002396e-19
ENSG00000047249.15,0.4171431320712387,1.4183654622352385e-19
ENSG00000115541.9,0.4169304635519716,1.48595990110776e-19
ENSG00000100865.13,0.41674991109189125,1.5458287637710247e-19
ENSG00000105088.7,0.4166789604526711,1.5699996993983283e-19
ENSG00000114923.15,0.41655994747916947,1.611382501442698e-19
ENSG00000100316.14,0.41647301809984594,0
ENSG00000102996.4,0.4163741609324538,1.6781400160253938e-19
ENSG00000105220.13,0.4163519752081882,1.6862916737790567e-19
ENSG00000034152.17,0.4163375987018225,1.6915948118501853e-19
ENSG00000103160.10,0.41630185096905603,1.7048525556736343e-19
ENSG00000103653.15,0.4162709570945428,1.7163925315981059e-19
ENSG00000119280.15,0.4162134206972618,1.7380898280515184e-19
ENSG00000111671.8,0.4162047722032626,1.7413744872336265e-19
ENSG00000106400.10,0.41606512111198685,1.7952673854795867e-19
ENSG00000102007.9,0.416013780226454,1.8154905000012623e-19
ENSG00000105612.7,0.41579055422178884,1.9060583281185444e-19
ENSG00000119522.14,0.4157900355483982,1.906273860824488e-19
ENSG00000099800.6,0.41573954729830176,1.9273693210902991e-19
ENSG00000116729.12,0.4156390040958026,1.9700661689405807e-19
ENSG00000105197.9,0.4154972460331807,2.031851693140762e-19
ENSG00000064601.15,0.41547650969090283,2.0410481863918237e-19
ENSG00000099622.12,0.4153316536959851,2.1064444228701807e-19
ENSG00000111424.9,0.41531372713087494,2.1146795987978936e-19
ENSG00000089094.15,0.41529347614822304,2.124020710689463e-19
ENSG00000119421.6,0.4152630880021296,2.138114034279361e-19
ENSG00000065427.13,0.41523785242792866,2.149887659503628e-19
ENSG00000100897.16,0.415057939290995,2.235695850722368e-19
ENSG00000106615.8,0.41488307259964813,2.3223255763983764e-19
ENSG00000101138.10,0.4148591379702679,2.3344371609070013e-19
ENSG00000100227.16,0.4147489246372693,2.391015515285553e-19
ENSG00000107404.16,0.41472147777290386,2.4053141248273466e-19
ENSG00000065491.8,0.41468165294971776,2.4262109236871136e-19
ENSG00000013364.17,0.41441258206319304,2.5721565250737075e-19
ENSG00000106133.16,0.41431150204311906,2.6291878805687626e-19
ENSG00000107521.17,0.4140184136401624,2.8016864652476474e-19
ENSG00000118004.16,0.413832281032828,2.916971276864371e-19
ENSG00000070404.8,0.413690771944322,3.007730902524467e-19
ENSG00000100109.15,0.41364298778816166,3.0390016877969134e-19
ENSG00000008056.11,0.4133601466369624,3.2307605387316286e-19
ENSG00000010626.13,0.4133062532500904,3.2686270216663e-19
ENSG00000077380.14,0.41309604723987237,3.420542587576189e-19
ENSG00000058262.8,0.4129844081405,3.504028527153061e-19
ENSG00000061938.15,0.41261039340128675,3.798609123833309e-19
ENSG00000104472.8,0.412267666866064,4.089877335842718e-19
ENSG00000084764.9,0.4121866733839754,4.1618594777289605e-19
ENSG00000101457.11,0.41212771567704437,4.215040468024655e-19
ENSG00000118600.10,0.41212685908823166,4.2158180370357243e-19
ENSG00000100304.12,0.4120887702083467,4.2505363465838557e-19
ENSG00000104129.8,0.4120543622853841,4.2821413128282466e-19
ENSG00000104880.16,0.41196026634566385,4.369758106243653e-19
ENSG00000066827.14,0.41182883874870974,4.495096670792546e-19
ENSG00000008283.14,0.4115140136320033,4.809907990784203e-19
ENSG00000113555.5,0.4114757411235899,4.849628376747842e-19
ENSG00000088882.7,0.4114401026011658,4.886905359050048e-19
ENSG00000101104.11,0.41139431630927337,4.935210847056484e-19
ENSG00000102221.12,0.4113184419927644,5.016296641626121e-19
ENSG00000117298.13,0.4112905691621045,5.046412118922616e-19
ENSG00000116455.12,0.41124152598942754,5.099833967760871e-19
ENSG00000110063.7,0.4111831927766812,5.164100484902602e-19
ENSG00000111679.15,0.41114187833250637,5.210098771671823e-19
ENSG00000100124.11,0.41112064868480996,5.233891864514533e-19
ENSG00000022840.14,0.41103011693034713,5.336561441583596e-19
ENSG00000101182.13,0.4109124722651253,5.472945663958005e-19
ENSG00000112941.11,0.4108441962724629,5.553664655951976e-19
ENSG00000090470.13,0.4107074205275582,5.718908352639273e-19
ENSG00000108671.8,0.41059596792659825,5.857128790663919e-19
ENSG00000105738.9,0.4103955611289233,6.113988353692147e-19
ENSG00000099977.12,0.4103368359765545,6.191334314009669e-19
ENSG00000085721.11,0.4102308436881612,6.333380475209297e-19
ENSG00000006611.14,0.4102198215487619,6.348334714127845e-19
ENSG00000099785.9,0.41009940748752044,6.513986936895221e-19
ENSG00000105677.10,0.4099648917968809,6.704072607272692e-19
ENSG00000101474.10,0.40975236584420255,7.01557814375432e-19
ENSG00000087274.15,0.4097379770929685,7.037175667154758e-19
ENSG00000103061.10,0.4097339085143517,7.043294465222335e-19
ENSG00000088298.11,0.40967456855747597,7.133134155031019e-19
ENSG00000106484.13,0.4096732773893955,7.135101446855319e-19
ENSG00000049449.7,0.4093195042445796,7.694745369749019e-19
ENSG00000113269.12,0.4091885407634811,7.912695078149091e-19
ENSG00000110931.17,0.40910525356952515,8.054450700376508e-19
ENSG00000115526.9,0.4087585443414382,8.671900145585422e-19
ENSG00000113739.9,0.408572684807036,9.021838065315117e-19
ENSG00000100804.17,0.4085017894700116,9.158950802773893e-19
ENSG00000112033.12,0.40827950101895927,9.602293068740292e-19
ENSG00000087269.14,0.40815163714499203,9.866809529049648e-19
ENSG00000090971.4,0.40810563189549043,9.9637258596728e-19
ENSG00000083750.11,0.40795742914683625,1.0282349452929044e-18
ENSG00000112294.11,0.40794084359841654,1.0318624952998979e-18
ENSG00000011478.10,0.4079151594362842,1.037504939913524e-18
ENSG00000110906.11,0.4078866885247047,1.0437950830858072e-18
ENSG00000104915.13,0.4078642396020122,1.0487812241926846e-18
ENSG00000074319.11,0.4078318772271541,1.0560105255727132e-18
ENSG00000004776.10,0.4076598712805221,1.095265118408611e-18
ENSG00000119812.17,0.407641990841119,1.099427210465229e-18
ENSG00000092203.12,0.407526489365789,1.126690408713123e-18
ENSG00000107554.14,0.4071044635722379,1.2320819441345182e-18
ENSG00000100997.17,0.4070683265446401,1.241544738801758e-18
ENSG00000105176.16,0.40699307009060703,1.2614814473173379e-18
ENSG00000113732.7,0.40689278191239736,1.28853986434632e-18
ENSG00000053702.13,0.4068405119814849,1.3028682374653876e-18
ENSG00000114383.8,0.40673998772612646,1.3308663230242832e-18
ENSG00000105647.13,0.40668360987835883,1.3468269982784364e-18
ENSG00000105185.10,0.4065979800807408,1.3714299250843195e-18
ENSG00000102054.16,0.40654328560441805,1.3873755035879303e-18
ENSG00000116273.5,0.4064569804127225,1.4129086555331275e-18
ENSG00000101306.9,0.4063997390529658,1.4300978266718448e-18
ENSG00000104976.10,0.40633635969060816,1.4493703179155206e-18
ENSG00000086102.17,0.4062905573894305,1.463456813027662e-18
ENSG00000089009.14,0.4062749789077456,1.4682786101235836e-18
ENSG00000088682.12,0.40618536652271214,1.4963202550336408e-18
ENSG00000101367.8,0.40600534085028067,1.5542563666945483e-18
ENSG00000112592.11,0.40591347183610793,1.5846667845129918e-18
ENSG00000054611.12,0.4059014927787057,1.5886749856459934e-18
ENSG00000105696.7,0.4058886514306207,1.5929827892718922e-18
ENSG00000106624.7,0.4058615423729107,1.6021146692458114e-18
ENSG00000073350.12,0.40584650956424345,1.6072007608362406e-18
ENSG00000100065.13,0.4056391639802954,1.6789947946332658e-18
ENSG00000081059.18,0.40559054113192483,1.6962821251133218e-18
ENSG00000112651.10,0.4055850908370576,1.6982308016945421e-18
ENSG00000099849.13,0.40553653978603804,1.7156870431109065e-18
ENSG00000100926.13,0.4055136158538663,1.7239904534943542e-18
ENSG00000114738.9,0.405480708402213,1.7359792184508423e-18
ENSG00000072682.17,0.4053843336913418,1.77156415912895e-18
ENSG00000087111.19,0.4053780558143118,1.7739069123878968e-18
ENSG00000111737.10,0.4052306733404053,1.8297908194598382e-18
ENSG00000011523.12,0.40521036811273226,1.837624609445719e-18
ENSG00000105372.5,0.4050954305643776,1.8825937731696135e-18
ENSG00000065361.13,0.4050179563344943,1.9135145920256618e-18
ENSG00000079785.13,0.4048289398555547,1.9910654265596706e-18
ENSG00000107862.4,0.40454584321913883,2.113034173498174e-18
ENSG00000018699.10,0.4043141004339624,2.218325271220046e-18
ENSG00000100028.10,0.4041491773660717,2.2963844803470908e-18
ENSG00000110921.10,0.40395014106386007,2.3941949548424815e-18
ENSG00000100441.8,0.40382850369444284,2.4559759836283972e-18
ENSG00000110200.7,0.40376096317433946,2.4909551096332375e-18
ENSG00000104774.11,0.4036689526676763,2.5393970342642243e-18
ENSG00000114735.8,0.4036118086931923,2.569947663577826e-18
ENSG00000114125.12,0.40350053099796895,2.630480899795629e-18
ENSG00000119203.12,0.4034106761768306,2.680382278116549e-18
ENSG00000074201.7,0.4033586201963817,2.7097167238463326e-18
ENSG00000041988.14,0.40335287358828226,2.712974331826456e-18
ENSG00000090273.12,0.40321222936171797,2.7939141137611496e-18
ENSG00000009954.9,0.40320338627336527,2.799081892068623e-18
ENSG00000067113.15,0.40308621502986947,2.8684494527142704e-18
ENSG00000104823.7,0.4028955716402557,2.9849450879034465e-18
ENSG00000105357.14,0.40287849955307525,2.995601528773956e-18
ENSG00000004478.7,0.4028430975506628,3.0178189723297518e-18
ENSG00000111752.9,0.4027811137957067,3.0571095346078915e-18
ENSG00000105523.3,0.40277075097441145,3.0637272918613815e-18
ENSG00000068976.12,0.4026496555104512,3.1421119532720877e-18
ENSG00000114491.12,0.40260925210906273,3.1687013221727815e-18
ENSG00000013288.7,0.4025705521418849,3.1943771730152276e-18
ENSG00000112659.12,0.4025653081623231,3.197872048754367e-18
ENSG00000049618.20,0.40251272561394336,3.2331245747367362e-18
ENSG00000077942.16,0.40247849339828373,3.2562797997722444e-18
ENSG00000100075.8,0.4024720031913615,3.2606882424778614e-18
ENSG00000108733.8,0.4022901667931005,3.3866148006139557e-18
ENSG00000111788.10,0.40223045481165365,3.4290012261384315e-18
ENSG00000025796.12,0.4020566024310251,3.555404145178028e-18
ENSG00000009830.10,0.4020291490662728,3.575779386198749e-18
ENSG00000108830.9,0.4019901804531356,3.604898356428115e-18
ENSG00000105479.14,0.4018489267648394,3.712417578243988e-18
ENSG00000115170.12,0.4018177822443148,3.736545237639836e-18
ENSG00000101019.20,0.40173081799330906,3.804736174083277e-18
ENSG00000008324.9,0.40139892228945395,4.076420549020044e-18
ENSG00000075856.10,0.4010777330211899,4.3574774873274914e-18
ENSG00000101126.14,0.40093600336129537,4.4874798059711415e-18
ENSG00000006530.14,0.4009205215679093,4.50190964668338e-18
ENSG00000089154.9,0.40079150128346475,4.623951927828263e-18
ENSG00000089159.14,0.40074610180022435,4.667665396135111e-18
ENSG00000091136.12,0.4006741280088694,4.737800702488824e-18
ENSG00000107959.14,0.40067246466232415,4.739433755653158e-18
ENSG00000119185.11,0.4006709961117049,4.7408760207980105e-18
ENSG00000051596.8,0.4006695136770362,4.74233235935629e-18
ENSG00000084090.12,0.4002955089784785,5.124170281971607e-18
ENSG00000107882.10,0.4002552212133244,5.1670635827774645e-18
ENSG00000115718.16,0.4001342708394885,5.297969131140064e-18
ENSG00000116922.13,0.40009360201484084,5.342713946885129e-18
ENSG00000100889.10,0.40000512599283294,5.44134530372874e-18
ENSG00000064300.7,0.3999719260790624,5.478816207578766e-18
ENSG00000083635.7,0.3998421428961582,5.6277461916322955e-18
ENSG00000112242.13,0.39946623654284885,6.0819446098137165e-18
ENSG00000104889.4,0.39945737837436057,6.093071376519181e-18
ENSG00000101413.10,0.3993805339579576,6.190439852896215e-18
ENSG00000113719.14,0.39921100187818603,6.410696421762944e-18
ENSG00000090661.10,0.3990834621986144,6.581459758342754e-18
ENSG00000100360.13,0.39905853832991656,6.61534919977186e-18
ENSG00000099998.16,0.39887293844719673,6.87316836770129e-18
ENSG00000101079.19,0.3988371482165036,6.924009611188902e-18
ENSG00000067221.12,0.3987051413202702,7.114748188181651e-18
ENSG00000090539.14,0.3986690724773425,7.167757352509366e-18
ENSG00000111364.14,0.39861485558648574,7.248169676198527e-18
ENSG00000089248.6,0.39855521949329076,7.337644447884059e-18
ENSG00000027869.10,0.3984978639777574,7.424722010000983e-18
ENSG00000100099.19,0.3983917104513085,7.58857451784288e-18
ENSG00000116353.14,0.3983654486235749,7.629656415477844e-18
ENSG00000115998.6,0.3983382351821709,7.672457705740632e-18
ENSG00000118181.9,0.39830026880736324,7.732566004417058e-18
ENSG00000109625.17,0.39824719574008705,7.8173681015924e-18
ENSG00000100104.11,0.39816551693316915,7.949667617946906e-18
ENSG00000071054.14,0.39806048575467395,8.12303279814018e-18
ENSG00000107625.11,0.3980372524399964,8.161881191731547e-18
ENSG00000105419.16,0.39794365994925707,8.320236243278325e-18
ENSG00000104885.16,0.397874975096141,8.438367127551096e-18
ENSG00000085760.13,0.3977384918033904,8.678020798514383e-18
ENSG00000105438.7,0.39771401746689333,8.721697982233496e-18
ENSG00000072135.11,0.3977103887588939,8.728192193285009e-18
ENSG00000113721.12,0.39758932896959087,8.947597104330217e-18
ENSG00000105171.8,0.39757995721080774,8.964806623819707e-18
ENSG00000116198.11,0.3975695272577859,8.983997598729823e-18
ENSG00000118162.12,0.39753220142312584,9.05300823478571e-18
ENSG00000006625.16,0.3975023214987454,9.108627827822587e-18
ENSG00000100811.9,0.3974847112012718,9.141565540123598e-18
ENSG00000105552.13,0.39747051606459205,9.16820088980215e-18
ENSG00000059573.7,0.397393807260882,9.313461108660691e-18
ENSG00000079805.15,0.3973710250697209,9.357037048648718e-18
ENSG00000105355.7,0.39728845451344647,9.51665817958699e-18
ENSG00000100605.15,0.39721238844879175,9.666073248379298e-18
ENSG00000100335.11,0.3971030472668358,9.884899420124048e-18
ENSG00000106554.10,0.3970325587586574,1.0028544249152644e-17
ENSG00000082014.15,0.39701772330541535,1.0059037107705514e-17
ENSG00000105655.17,0.39687605504205814,1.0354853821409014e-17
ENSG00000002586.16,0.3967288074592253,1.0671386789486525e-17
ENSG00000103064.12,0.39669786471719376,1.0739103313676075e-17
ENSG00000112983.16,0.3966724651358142,1.0795004582577246e-17
ENSG00000115946.6,0.39662724319587805,1.0895241511524202e-17
ENSG00000066322.11,0.39662038146763334,1.0910530674886186e-17
ENSG00000070610.13,0.39649266510549774,1.1198987516500454e-17
ENSG00000100139.12,0.39624138500873185,1.1788586073657964e-17
ENSG00000114648.10,0.39622291051378633,1.1833119384272643e-17
ENSG00000115561.13,0.39621833485141505,1.1844174688400685e-17
ENSG00000100599.14,0.3962060578793174,1.1873887415318902e-17
ENSG00000100603.12,0.3961290944353804,1.2061831451715147e-17
ENSG00000108179.12,0.3960459858528766,1.226806737681659e-17
ENSG00000111786.7,0.39592393442634066,1.2577240812612971e-17
ENSG00000060971.16,0.39587649648723056,1.2699464480441131e-17
ENSG00000088986.9,0.3956772444222518,1.3225718701318193e-17
ENSG00000119335.15,0.3956276488506736,1.3360005971788873e-17
ENSG00000118096.6,0.39555024235543595,1.357227915010549e-17
ENSG00000046647.12,0.3954987962707331,1.371519162823428e-17
ENSG00000108622.9,0.39529836554599973,1.4286218822619164e-17
ENSG00000006534.14,0.39521632153141173,1.4526648347832395e-17
ENSG00000106245.8,0.3950266280226407,1.5097882574729413e-17
ENSG00000109881.15,0.39496679228673565,1.528260947604962e-17
ENSG00000065970.7,0.39495986712333164,1.530413203870042e-17
ENSG00000076555.14,0.39491506021666967,1.5444108460594557e-17
ENSG00000083896.11,0.3946220810959341,1.639090600325878e-17
ENSG00000024422.10,0.39447928702205354,1.6872823522891238e-17
ENSG00000079974.16,0.3943766309680792,1.7227859872735217e-17
ENSG00000112667.11,0.3941318140802699,1.810447512939973e-17
ENSG00000100612.12,0.39404464239992126,1.842708058381703e-17
ENSG00000092098.15,0.3939914670006422,1.8626640911542724e-17
ENSG00000117597.16,0.39384530942877233,1.9186162920963525e-17
ENSG00000113552.14,0.39384227095682967,1.9197968450235175e-17
ENSG00000011454.15,0.39370865035293723,1.972425496392691e-17
ENSG00000006756.14,0.3936533606919768,1.9946148255445293e-17
ENSG00000015133.17,0.3935596938328325,2.0327674125407973e-17
ENSG00000079246.14,0.39350487345825635,2.055428868990604e-17
ENSG00000100564.7,0.3932962653983792,2.143956005425522e-17
ENSG00000110076.17,0.3931850490720848,2.1926741164448538e-17
ENSG00000116120.9,0.393117932389633,2.2225993465293847e-17
ENSG00000085733.14,0.39310249832899524,2.2295374925520275e-17
ENSG00000100379.16,0.39304419040304767,2.2559416324772064e-17
ENSG00000114316.11,0.392936976927481,2.3052969037064932e-17
ENSG00000103429.9,0.39291043292684563,2.3176793518673596e-17
ENSG00000095370.18,0.3927768894546243,2.380974598287396e-17
ENSG00000111261.12,0.3927037163161412,2.416373807704052e-17
ENSG00000094841.12,0.3926513221826418,2.442038063144736e-17
ENSG00000101198.13,0.392633710450606,2.4507248621184156e-17
ENSG00000102978.11,0.39255638144361055,2.489227476998597e-17
ENSG00000106336.11,0.3925075197715436,2.5138619714019272e-17
ENSG00000105327.14,0.39248802218402895,2.5237587952539396e-17
ENSG00000049239.11,0.3924248445106297,2.5560911695665824e-17
ENSG00000108523.14,0.3924225213260533,2.5572878335752543e-17
ENSG00000100439.9,0.39224113526669246,2.652439268526043e-17
ENSG00000074964.15,0.3921470086833299,2.7031792181869295e-17
ENSG00000107175.9,0.3920803768602301,2.739673432888437e-17
ENSG00000112679.13,0.39205669961974715,2.7527577294332184e-17
ENSG00000086589.10,0.39179626201701867,2.9007950782516425e-17
ENSG00000100426.6,0.39175442690699175,2.925293457732388e-17
ENSG00000101350.7,0.39117363857379445,3.287161945991406e-17
ENSG00000116017.9,0.39107448437756887,3.353192737848308e-17
ENSG00000108821.12,0.3910181238271671,0
ENSG00000119771.13,0.39098677920389097,3.412684705585676e-17
ENSG00000100211.9,0.3909860089286967,3.413211765913039e-17
ENSG00000099795.5,0.3906927979967272,3.6197648109530974e-17
ENSG00000064995.15,0.3906870351663531,3.623945161932423e-17
ENSG00000119401.10,0.39061332257542686,3.677836593504782e-17
ENSG00000106153.12,0.39059719088110884,3.6897351577752036e-17
ENSG00000115687.12,0.39050601151454706,3.757702855551178e-17
ENSG00000119673.13,0.39045286541819446,3.797885626754384e-17
ENSG00000106344.7,0.3904480959923784,3.8015122854762246e-17
ENSG00000103266.9,0.39019041248700775,4.0025979091422467e-17
ENSG00000115970.17,0.39014327428367845,4.040497496155029e-17
ENSG00000081791.7,0.39013355020418294,4.0483595291896734e-17
ENSG00000108813.10,0.39010010440037707,4.07551583226965e-17
ENSG00000025423.10,0.38995557410985704,4.1949404172752795e-17
ENSG00000108651.8,0.3899248400853727,4.220775802227154e-17
ENSG00000105711.9,0.38984991333283914,4.284417318236293e-17
ENSG00000109103.10,0.3897755490342344,4.348513435701863e-17
ENSG00000021300.12,0.38976911364736816,4.354104334376926e-17
ENSG00000100380.11,0.3897437415480399,4.376215885034599e-17
ENSG00000115839.16,0.38973931615936,4.3800838585620124e-17
ENSG00000114737.14,0.3896561487219298,4.453403807305383e-17
ENSG00000096433.9,0.3896065860906694,4.497670210910891e-17
ENSG00000104967.6,0.38941165525718124,4.6760051115873805e-17
ENSG00000110042.6,0.38928898039410015,4.7917799432255247e-17
ENSG00000088899.13,0.3890594848929744,5.0159818475812854e-17
ENSG00000065268.9,0.388983768952039,5.092189107475551e-17
ENSG00000102543.13,0.3889201792398099,5.1570697198516144e-17
ENSG00000090924.13,0.3889201541098641,5.157095519863507e-17
ENSG00000039068.17,0.3887830716379791,0
ENSG00000112562.17,0.38847878422180154,5.630366871827718e-17
ENSG00000088881.19,0.38846011634423133,5.651298047243632e-17
ENSG00000026297.14,0.3883579516600748,5.767210915211698e-17
ENSG00000103150.5,0.38808971730631386,6.082777737126249e-17
ENSG00000079308.15,0.3880333802679891,6.15118109913991e-17
ENSG00000105514.6,0.387997834490858,6.194728485446173e-17
ENSG00000082068.7,0.38792979084137347,6.278936030590807e-17
ENSG00000119321.7,0.3879252184425063,6.284634775886077e-17
ENSG00000099991.15,0.3878776810163913,6.344184342627264e-17
ENSG00000110442.10,0.387818971355371,6.418495002689963e-17
ENSG00000106852.14,0.3877984016747306,6.444732516198481e-17
ENSG00000102974.13,0.38762359349847525,6.672003969546447e-17
ENSG00000109534.15,0.3875685649385687,6.74516418538192e-17
ENSG00000038532.13,0.3874971381724746,6.841302543567119e-17
ENSG00000114416.16,0.3874088375117345,6.96201560799839e-17
ENSG00000101361.13,0.38718549757710113,7.276757690603542e-17
ENSG00000086289.10,0.38714648457915335,7.333153469099923e-17
ENSG00000102871.14,0.3870063945842823,7.539225313818324e-17
ENSG00000099940.10,0.38695086300142323,7.622477824195011e-17
ENSG00000013583.7,0.38690836869139533,7.68679450973747e-17
ENSG00000100234.11,0.38671908726243925,7.979817180389084e-17
ENSG00000107731.11,0.38664644595453623,8.095162750441219e-17
ENSG00000101811.12,0.3865719490835868,8.215156232379551e-17
ENSG00000107819.12,0.3865211488362446,8.297981669732539e-17
ENSG00000068383.17,0.3864653311965712,8.389933826417146e-17
ENSG00000113845.8,0.3864569913343812,8.403758346541521e-17
ENSG00000113194.11,0.3862574809811165,8.741229959008633e-17
ENSG00000108515.16,0.38625541916493317,8.744786122944306e-17
ENSG00000108509.19,0.38603865601765913,9.126693663856208e-17
ENSG00000025293.14,0.3859201959030239,9.342281635486492e-17
ENSG00000100823.10,0.385917321845245,9.347573888077368e-17
ENSG00000105053.9,0.3858327023575334,9.504718179792954e-17
ENSG00000101132.8,0.3858290735968295,9.511514773871628e-17
ENSG00000084636.16,0.38581631908646447,9.535441622756197e-17
ENSG00000011376.8,0.3856969544273037,9.762250105810812e-17
ENSG00000110851.10,0.3855488556214148,1.0051036472996394e-16
ENSG00000013573.15,0.3855040035820596,1.0140140419767463e-16
ENSG00000112110.8,0.38547955192214967,1.018904300911777e-16
ENSG00000100568.9,0.38547568385420083,1.019680022918508e-16
ENSG00000106384.9,0.38528311721262953,1.0590407050371964e-16
ENSG00000090263.14,0.38527148554740853,1.0614654537480223e-16
ENSG00000103319.10,0.385196192702765,1.0772935428879463e-16
ENSG00000102401.18,0.385177644409586,1.0812282371030821e-16
ENSG00000065883.13,0.38514480562071707,1.0882290682064298e-16
ENSG00000091127.12,0.385089634744936,1.1000912325059713e-16
ENSG00000104142.9,0.38507475024015714,1.1033132183355848e-16
ENSG00000115257.14,0.3850118304086727,1.1170359559702893e-16
ENSG00000035141.6,0.38496567233395385,1.1272094796340661e-16
ENSG00000068697.6,0.384849916683899,1.1531248813578175e-16
ENSG00000101447.12,0.38481249226728714,1.161628028589363e-16
ENSG00000090975.11,0.3848103479929678,1.162117087717474e-16
ENSG00000116030.15,0.3845501192749558,1.2229960497134636e-16
ENSG00000073111.12,0.38451285027054627,1.231967588728896e-16
ENSG00000091640.6,0.3844621176564268,1.244284136658895e-16
ENSG00000049541.9,0.38408256512408945,1.3403481989962307e-16
ENSG00000117984.11,0.3840692404643473,1.3438498139051574e-16
ENSG00000111639.6,0.38402286013629294,1.356108428440367e-16
ENSG00000108387.13,0.38399055968174806,1.3647104745289927e-16
ENSG00000103647.11,0.3839160990378022,1.3847451022861035e-16
ENSG00000116005.10,0.38386792439406014,1.3978607931188002e-16
ENSG00000063177.11,0.3836912821941714,1.4470047139481248e-16
ENSG00000008130.14,0.38366998353892734,1.453043730597698e-16
ENSG00000025770.17,0.38354999607905466,1.4875304836106292e-16
ENSG00000114631.10,0.3835080268279057,1.4997820907009826e-16
ENSG00000109911.16,0.38340258067838656,1.5310029116298288e-16
ENSG00000068724.14,0.3833897168008755,1.5348551168702132e-16
ENSG00000108557.16,0.3833087081940955,1.55933361096115e-16
ENSG00000110811.18,0.38330480868589684,1.560521557238642e-16
ENSG00000093217.8,0.3832527435787658,1.5764681160881857e-16
ENSG00000107338.9,0.38319610834301765,1.5939962247481614e-16
ENSG00000072864.11,0.38316618074010916,1.6033357293203262e-16
ENSG00000070785.15,0.38316466157395296,1.6038112464035863e-16
ENSG00000111328.5,0.38309509948932796,1.6257340622122684e-16
ENSG00000089234.14,0.383037668922851,1.6440552129245488e-16
ENSG00000113389.14,0.38298326138398403,1.6615990074117563e-16
ENSG00000103710.9,0.3827937975167496,1.7241392821783932e-16
ENSG00000110801.12,0.3827360370445313,1.7436613330752096e-16
ENSG00000089486.15,0.3826228205346615,1.7825586192147423e-16
ENSG00000112685.12,0.3825313625472307,1.8146017664676263e-16
ENSG00000110060.7,0.38241970104952033,1.8544912924685575e-16
ENSG00000116350.14,0.38241527702144235,1.856089330078503e-16
ENSG00000111266.7,0.3823057269685424,1.8960950993003928e-16
ENSG00000012232.7,0.3822878346589733,1.902709038075325e-16
ENSG00000119392.13,0.38223878328652955,1.920957457993159e-16
ENSG00000105193.7,0.3822231051984688,1.9268263018369317e-16
ENSG00000103852.11,0.3821980796745635,1.9362307263755125e-16
ENSG00000100241.19,0.38215072278002005,1.954150690853781e-16
ENSG00000115902.9,0.382086752335781,1.978616172821127e-16
ENSG00000090554.11,0.38205461081608355,1.9910220094889975e-16
ENSG00000066135.11,0.3820456987187153,1.9944753696155943e-16
ENSG00000088205.11,0.3819584121685662,2.0286106931102154e-16
ENSG00000016864.15,0.3818393493882317,2.0760996979639193e-16
ENSG00000002330.12,0.3817971075798672,2.093209214479213e-16
ENSG00000119616.10,0.38150629503065026,2.2148169686846122e-16
ENSG00000108175.15,0.3814263641356361,2.2494398915676965e-16
ENSG00000044115.19,0.3813927081111676,2.2641769156603095e-16
ENSG00000095397.12,0.38120652649369474,2.3474302667977304e-16
ENSG00000100350.13,0.3811224661289001,2.385997236912181e-16
ENSG00000111845.4,0.3811135230627963,2.3901367718896855e-16
ENSG00000001167.13,0.38110906221093205,2.392204231487633e-16
ENSG00000117262.17,0.38108607216510415,2.402887256503345e-16
ENSG00000005238.18,0.38096183071937273,2.461435824470337e-16
ENSG00000067606.14,0.38093510157909105,2.4742138572894606e-16
ENSG00000007944.13,0.38088160402241816,2.499984719377692e-16
ENSG00000106028.9,0.3807441971519193,2.567390816032559e-16
ENSG00000088833.16,0.3807293659640693,2.5747722558044864e-16
ENSG00000084463.6,0.38068224206934004,2.5983642933533154e-16
ENSG00000055070.15,0.38068155333203185,2.5987106713002096e-16
ENSG00000101187.14,0.3806432439985636,2.618048688283047e-16
ENSG00000100106.18,0.3806305926542743,2.624465903167752e-16
ENSG00000089327.13,0.3804500307447459,2.7177548146411955e-16
ENSG00000074054.16,0.3803562252258885,2.7674980989320667e-16
ENSG00000115226.8,0.38033437306188767,2.7792136936981214e-16
ENSG00000110721.10,0.380229741428606,2.835988290097767e-16
ENSG00000100296.12,0.380170544454675,2.868612358293402e-16
ENSG00000078369.16,0.3800523525642223,2.9348556649314953e-16
ENSG00000100711.12,0.37995588717559037,2.990033469605376e-16
ENSG00000110713.14,0.37976434896726224,3.102629525190137e-16
ENSG00000101856.9,0.3797144379845491,3.1326472744470566e-16
ENSG00000092201.8,0.3796789906950246,3.154139227654754e-16
ENSG00000099910.15,0.3796682357525776,3.1606886161965394e-16
ENSG00000100601.8,0.3795898351824099,3.2088371117032206e-16
ENSG00000109445.9,0.37954118160048206,3.239078428105626e-16
ENSG00000109854.12,0.37952556372457386,3.248845155030774e-16
ENSG00000099341.10,0.37948706188682074,3.273046207595425e-16
ENSG00000012822.14,0.37947198059443177,3.282574020443709e-16
ENSG00000007202.13,0.37933862099998134,3.3680198792978203e-16
ENSG00000004139.12,0.3793162523285975,3.382564241299797e-16
ENSG00000106144.18,0.3792219436358078,3.444566078216393e-16
ENSG00000067177.13,0.3791246344360847,3.50971038468783e-16
ENSG00000100888.11,0.3790532827649157,3.558244632761604e-16
ENSG00000100417.10,0.3790266471187472,3.576530962144617e-16
ENSG00000064961.17,0.3789527074081813,3.627778321832667e-16
ENSG00000108219.13,0.3788301576719003,3.714309704199325e-16
ENSG00000110057.6,0.3786268659670015,3.862343151994179e-16
ENSG00000104904.11,0.37854462069289035,3.9238654325764754e-16
ENSG00000010292.11,0.3785278014280482,3.936564835900234e-16
ENSG00000067601.7,0.37850802471668904,3.9515489028078077e-16
ENSG00000100714.14,0.3783694927563898,4.058091164481873e-16
ENSG00000100416.11,0.37834389109677874,4.078087455764267e-16
ENSG00000072501.16,0.3783070057866286,4.1070671293315245e-16
ENSG00000110717.9,0.3781922156960323,4.1985543529850557e-16
ENSG00000052841.13,0.37818792986195987,4.202008621450246e-16
ENSG00000108823.14,0.37796910527739835,4.3821339038413454e-16
ENSG00000049323.14,0.37786713381190246,4.468640932082732e-16
ENSG00000087008.14,0.37772217270955943,4.594511225271556e-16
ENSG00000076351.11,0.3776999228747282,4.614136566599529e-16
ENSG00000074855.9,0.3776744206989703,4.636731878732202e-16
ENSG00000100226.14,0.3775519583237175,4.746758010836558e-16
ENSG00000115816.12,0.3773927077084012,4.893678346012098e-16
ENSG00000077238.12,0.3772293254434932,5.049049794367703e-16
ENSG00000022567.8,0.37712936038888323,5.14649132393072e-16
ENSG00000102078.14,0.3771280451817727,5.147785558354123e-16
ENSG00000007314.10,0.37711697073009176,5.158696096679934e-16
ENSG00000119632.3,0.3770824875876883,5.192814487412752e-16
ENSG00000101190.11,0.376970327025522,5.305328265000832e-16
ENSG00000073792.14,0.37696130657117083,5.314480430999505e-16
ENSG00000047230.13,0.3769384223448968,5.337768411535983e-16
ENSG00000070423.16,0.3768646277745264,5.413549610237235e-16
ENSG00000087903.11,0.3766952951354077,5.591456801775497e-16
ENSG00000119139.15,0.376693952463404,5.592890154297337e-16
ENSG00000003147.16,0.37668606076365957,5.6013221337924335e-16
ENSG00000115350.10,0.37658925243223146,5.70577941935565e-16
ENSG00000116863.10,0.37638284933032723,5.934918376096052e-16
ENSG00000005100.11,0.3763798464160303,5.938317874556021e-16
ENSG00000085978.20,0.37618690915457703,6.160790429780817e-16
ENSG00000079150.16,0.376111885980696,6.249490641476101e-16
ENSG00000108309.11,0.3760268850538518,6.351503279580212e-16
ENSG00000117640.16,0.37600006205228087,6.384032585518998e-16
ENSG00000114770.15,0.37592475482648025,6.476237452495669e-16
ENSG00000006744.17,0.37579623419214303,6.636624902167651e-16
ENSG00000110047.16,0.37574655255339845,6.699664830160874e-16
ENSG00000108785.7,0.3756478240513351,6.826689247880745e-16
ENSG00000104872.9,0.3756475412264823,6.827056506318524e-16
ENSG00000099812.7,0.37562980292470755,6.850129144246626e-16
ENSG00000090020.9,0.37551644471331386,6.99939537339615e-16
ENSG00000072134.14,0.3754539865957903,7.082997797045447e-16
ENSG00000042445.12,0.3754520513698319,7.0856037643357e-16
ENSG00000110455.12,0.3752976597602687,7.296568578809774e-16
ENSG00000077782.18,0.3752790776292014,7.32237181328091e-16
ENSG00000006118.13,0.37525171902632565,7.360525226774627e-16
ENSG00000100938.16,0.37525067463310885,7.361985564531068e-16
ENSG00000107833.9,0.37523800009835157,7.379730603505108e-16
ENSG00000113013.11,0.3752348195137528,7.384190182290259e-16
ENSG00000100650.14,0.37522916150666374,7.392129959199933e-16
ENSG00000099942.11,0.37512476810315776,7.540136370397376e-16
ENSG00000073067.12,0.37511400060913375,7.555566776753586e-16
ENSG00000112877.7,0.37508141952820057,7.602446320105528e-16
ENSG00000104901.5,0.3749413819531166,7.80721308827039e-16
ENSG00000106100.9,0.37493589200953864,7.815349975469187e-16
ENSG00000116251.8,0.3748864918798379,7.888943613960082e-16
ENSG00000114784.3,0.37483537693237823,7.965808051932821e-16
ENSG00000104299.13,0.37483514258027495,7.966162148146986e-16
ENSG00000111906.16,0.37475909593771495,8.081885335714769e-16
ENSG00000113645.12,0.3747374003014676,8.115201959152076e-16
ENSG00000104228.11,0.3746637464439051,8.229316570534918e-16
ENSG00000075399.11,0.37465779736741917,8.23860215250401e-16
ENSG00000106992.16,0.374624007934549,8.291537651349677e-16
ENSG00000117713.16,0.37460497438692114,8.321503031952527e-16
ENSG00000113460.11,0.3745573582476244,8.396933750603822e-16
ENSG00000115446.10,0.3745544164616236,8.401615910369623e-16
ENSG00000115486.10,0.3744322477547417,8.598340117378062e-16
ENSG00000114841.16,0.3743233048163046,8.77757694218922e-16
ENSG00000005243.8,0.3743143617815367,8.792452202332543e-16
ENSG00000074047.19,0.374312282548875,8.795914206449212e-16
ENSG00000099308.9,0.3742850950551911,8.841305792099093e-16
ENSG00000065978.16,0.37426407067125494,8.87656520126488e-16
ENSG00000099968.16,0.37409997162736364,9.156556006144144e-16
ENSG00000108384.13,0.37408505553411286,9.182432020585711e-16
ENSG00000004534.13,0.373980037241591,9.36665778967833e-16
ENSG00000072071.15,0.37393205580615885,9.452031026890914e-16
ENSG00000116688.15,0.3738448386239769,9.609176966775445e-16
ENSG00000033327.11,0.3736506645494721,9.968304244781717e-16
ENSG00000108100.16,0.3736226043187657,1.0021279856937098e-15
ENSG00000064607.15,0.3735485432168796,1.016243261841776e-15
ENSG00000119688.19,0.37344591446842024,1.0361263311799066e-15
ENSG00000107371.11,0.37340816101295354,1.0435362699051841e-15
ENSG00000101084.15,0.3734053251088478,1.0440949737579183e-15
ENSG00000117868.14,0.37328009894070086,1.0690608298725364e-15
ENSG00000065548.16,0.37324849661846454,1.0754533006944504e-15
ENSG00000075702.15,0.37311443470197114,1.1029909132617685e-15
ENSG00000108424.8,0.37296479747309985,1.1345456963398527e-15
ENSG00000054965.9,0.3729066785296077,1.1470390168007973e-15
ENSG00000061656.8,0.37279238559436045,1.172002742051285e-15
ENSG00000016391.9,0.37279141476825384,1.1722170564120443e-15
ENSG00000002726.18,0.37278851621689,1.17285715396634e-15
ENSG00000106948.15,0.3727185372742163,1.18841541205633e-15
ENSG00000108587.13,0.37271835060430086,1.1884571836650838e-15
ENSG00000078808.15,0.37269464255004303,1.1937741279431981e-15
ENSG00000117395.9,0.37263845928193495,1.2064676110941855e-15
ENSG00000008083.12,0.3725609301654807,1.2242015515483781e-15
ENSG00000100941.7,0.3725093124087147,1.2361501782300057e-15
ENSG00000116213.14,0.37247581056600065,1.2439664632857721e-15
ENSG00000106077.17,0.3723566096917331,1.2721724940279311e-15
ENSG00000107185.9,0.37227903848749777,1.290864057775045e-15
ENSG00000103021.8,0.37225070946917826,1.2977572009811068e-15
ENSG00000112576.11,0.3722181266722625,1.3057300749912454e-15
ENSG00000101057.14,0.37206966419090237,1.3426710594107483e-15
ENSG00000075975.14,0.37206332900059275,1.3442700185496471e-15
ENSG00000119318.11,0.37205845609610544,1.3455011782101001e-15
ENSG00000116580.17,0.3719960349948501,1.3613703624236663e-15
ENSG00000009950.14,0.37198349369322675,1.3645808023376882e-15
ENSG00000118518.14,0.3719620636568465,1.3700838704296532e-15
ENSG00000111087.8,0.3719567475371916,1.3714523775111651e-15
ENSG00000069849.9,0.3718085961632227,1.4101347534550386e-15
ENSG00000101843.17,0.3717179674591595,1.4343237510483748e-15
ENSG00000118263.13,0.37162618065478886,1.4592368459063142e-15
ENSG00000104870.11,0.37155597396176215,1.478578799900808e-15
ENSG00000109016.16,0.37139712809031095,1.5232743516712912e-15
ENSG00000034533.10,0.3712562576953667,1.56401967109534e-15
ENSG00000114388.11,0.3711639431602245,1.5912988939181528e-15
ENSG00000119866.19,0.3709475312894821,1.65709299561863e-15
ENSG00000104221.11,0.3708947497672426,1.6735404687358747e-15
ENSG00000104679.9,0.3707718653674301,1.7124562460883457e-15
ENSG00000038382.16,0.3707717677091984,1.7124875235238375e-15
ENSG00000085998.12,0.3707472677275477,1.7203519813984195e-15
ENSG00000025434.17,0.37066598979536874,1.7466967738849812e-15
ENSG00000101230.5,0.3705652340246765,1.779905087694488e-15
ENSG00000106346.10,0.3705565418497276,1.7827988234187038e-15
ENSG00000115598.8,0.3705343653967415,1.7902025802254207e-15
ENSG00000114315.3,0.37051698077053946,1.7960276456268716e-15
ENSG00000108439.8,0.37031144970703145,1.8663208540386363e-15
ENSG00000100228.11,0.37029447938770843,1.8722440530728624e-15
ENSG00000100258.16,0.37029414935404653,1.8723594283549868e-15
ENSG00000116906.10,0.37026680959517505,1.8819413061326013e-15
ENSG00000110799.12,0.3700705213840497,1.952162576243163e-15
ENSG00000111725.9,0.36992416077218593,2.0061897621167256e-15
ENSG00000114021.10,0.3697561112333995,2.07003422924341e-15
ENSG00000105948.12,0.36923616273711546,2.2804626306977103e-15
ENSG00000065457.9,0.3689081237346095,2.423877271700724e-15
ENSG00000054793.12,0.36886857510455867,2.4417542853294827e-15
ENSG00000111206.11,0.3686852252735257,2.5263378687171204e-15
ENSG00000001617.10,0.3686731793797357,2.531994481847429e-15
ENSG00000107331.15,0.36839722322474283,2.6650378646839547e-15
ENSG00000070669.15,0.3683944365873169,2.6664157342549655e-15
ENSG00000105672.13,0.3683399810779266,2.693482316597973e-15
ENSG00000090316.14,0.3682653874263313,2.730996386034915e-15
ENSG00000099326.7,0.36809046351341584,2.820990099320118e-15
ENSG00000100036.12,0.3680822181038255,2.8253032014314593e-15
ENSG00000108352.10,0.3679635173008546,2.888116334992921e-15
ENSG00000076382.15,0.3677850265722496,2.985156107231877e-15
ENSG00000118898.14,0.3676997603374699,3.032634848315073e-15
ENSG00000090857.12,0.36767658191299546,3.0456688462915545e-15
ENSG00000076108.10,0.36761439704030635,3.080909617638388e-15
ENSG00000102032.11,0.36751020693438147,3.140853953165294e-15
ENSG00000046651.13,0.3674716230361923,3.1633417834438937e-15
ENSG00000070061.13,0.3674630659389782,3.1683504730366118e-15
ENSG00000064309.13,0.3672254159033566,3.31060455438468e-15
ENSG00000004399.11,0.3672138518836426,3.3176842273613557e-15
ENSG00000119431.8,0.3671482903982296,3.3581037116347604e-15
ENSG00000116962.13,0.3671134838911134,3.379758296674568e-15
ENSG00000050393.10,0.3671105014207381,3.381620176225804e-15
ENSG00000102738.7,0.3671009331136011,3.3876002199418235e-15
ENSG00000006831.9,0.36683102820993957,3.560627356436352e-15
ENSG00000118689.13,0.3666891028825271,3.6550595871535105e-15
ENSG00000101955.13,0.36668281450246565,3.659300020939092e-15
ENSG00000108947.4,0.3665980284554206,3.7169470982786435e-15
ENSG00000107581.11,0.3665805802136878,3.728920442870232e-15
ENSG00000119986.6,0.3665733232125629,3.733911481831873e-15
ENSG00000090487.9,0.3665290142489508,3.764527674218636e-15
ENSG00000100266.16,0.3664892615477372,3.7922051348864334e-15
ENSG00000069248.11,0.36637477218746106,3.873037560065411e-15
ENSG00000101255.9,0.3661894820745462,4.007452321749877e-15
ENSG00000109519.11,0.36608953128215665,4.08184883016159e-15
ENSG00000108826.14,0.3660818608271581,4.08761384683656e-15
ENSG00000119703.13,0.366047054833536,4.113874108174843e-15
ENSG00000068971.12,0.36603116417717246,4.125918176806542e-15
ENSG00000106443.13,0.36596513580368895,4.176334897458434e-15
ENSG00000011021.20,0.3659409692149275,4.194938248224195e-15
ENSG00000110321.14,0.36589920554248623,4.227279593813871e-15
ENSG00000112715.19,0.36583591478428074,4.276758037939109e-15
ENSG00000065183.14,0.36582750213822784,4.283377371885295e-15
ENSG00000088832.13,0.36582583151058007,4.284693069764714e-15
ENSG00000103472.8,0.36572455294334105,4.365199616167551e-15
ENSG00000108578.13,0.3657049874019177,4.3809224498053404e-15
ENSG00000089057.13,0.36565885811057075,4.418212093430265e-15
ENSG00000104412.6,0.36555054667423587,4.506996231822778e-15
ENSG00000105136.18,0.3654035967795065,4.630256211747183e-15
ENSG00000100321.13,0.3653867331837785,4.644611002836212e-15
ENSG00000114126.16,0.36511824244902463,4.8791266993557695e-15
ENSG00000111653.18,0.36511598418510155,4.881147643799799e-15
ENSG00000108479.10,0.365078941006183,4.91441542513104e-15
ENSG00000106367.12,0.36503433479326775,4.9547706898294874e-15
ENSG00000115255.9,0.3647474608122342,5.222184321592404e-15
ENSG00000109083.12,0.3647317791080133,5.237203431298514e-15
ENSG00000102904.13,0.36470742968551695,5.260608035925621e-15
ENSG00000112079.8,0.3646824508086041,5.284724275432731e-15
ENSG00000104131.11,0.3646589394806025,5.307522706654918e-15
ENSG00000117450.12,0.3646321237003825,5.3336431754647076e-15
ENSG00000112977.14,0.36460015807398233,5.364944738594921e-15
ENSG00000101213.6,0.3645379363863927,5.4263914193855475e-15
ENSG00000115875.17,0.3644713610754708,5.492902000614909e-15
ENSG00000105968.17,0.3644156729244352,5.549149653171729e-15
ENSG00000109084.12,0.36439136458777666,5.5738789890498675e-15
ENSG00000118160.12,0.364230434689996,5.740344560375409e-15
ENSG00000117480.14,0.36419980755795095,5.772573012871771e-15
ENSG00000062485.17,0.364098295708571,5.8806664939332155e-15
ENSG00000114686.7,0.3640576980104974,5.924449980990306e-15
ENSG00000004866.17,0.36403541361683006,5.9486188381832685e-15
ENSG00000117614.8,0.36392417976484226,6.0707127146430995e-15
ENSG00000031698.11,0.3637977806324753,6.212437450331843e-15
ENSG00000115484.13,0.36374326417116776,6.2745609342536545e-15
ENSG00000100225.16,0.36373068764120414,6.288978613664293e-15
ENSG00000060339.12,0.36368337916944776,6.343504429768373e-15
ENSG00000048828.15,0.36362138216557754,6.415662112898149e-15
ENSG00000068097.13,0.363609554960181,6.4295188290266835e-15
ENSG00000001084.9,0.36339417330220974,6.687055359699453e-15
ENSG00000119596.16,0.36338881160976233,6.693593840439985e-15
ENSG00000111452.11,0.3633295154195511,6.766323849001548e-15
ENSG00000087206.15,0.36326941582498923,6.84083005404353e-15
ENSG00000090863.10,0.36322155608880946,6.900737351020347e-15
ENSG00000103485.16,0.3631926624509817,6.9371530526535906e-15
ENSG00000106803.8,0.3631676321934752,6.968851904836905e-15
ENSG00000100058.11,0.36312182640645707,7.027229614093203e-15
ENSG00000119285.9,0.36309703044506686,7.059030925132381e-15
ENSG00000010404.16,0.3629743648890815,7.218439940350412e-15
ENSG00000103175.9,0.36286506197109925,7.363454653544236e-15
ENSG00000115310.16,0.36282493892744117,7.417400570202079e-15
ENSG00000116044.14,0.3628051812418488,7.444107257522822e-15
ENSG00000004660.13,0.3627009008238136,7.586634338424956e-15
ENSG00000095637.19,0.3626485190365971,7.659234454679537e-15
ENSG00000113211.5,0.36257774135528154,7.75841418807313e-15
ENSG00000067182.6,0.36255641027063396,7.788551355707719e-15
ENSG00000107537.12,0.3624135503191237,7.993368103774668e-15
ENSG00000109919.8,0.36236732605002203,8.060763467755436e-15
ENSG00000094880.9,0.3623323680622389,8.11210228965753e-15
ENSG00000115368.8,0.36221859389004113,8.281419580377682e-15
ENSG00000000419.11,0.3621741471215044,8.348501960791387e-15
ENSG00000090889.11,0.3621611131841447,8.368274600797557e-15
ENSG00000108679.11,0.3619736865770967,1.0888686110612708e-14
ENSG00000116117.16,0.36191661837393196,8.747802255934241e-15
ENSG00000119723.14,0.36190207756538184,8.77089809766768e-15
ENSG00000008323.14,0.3618082208701108,8.921420323699058e-15
ENSG00000064195.7,0.36179762643791913,8.938569385209984e-15
ENSG00000100412.14,0.3617913191289336,8.94879428670785e-15
ENSG00000003056.6,0.3616659349259583,9.154453959764577e-15
ENSG00000040531.13,0.36133479445039823,9.720147088573156e-15
ENSG00000106078.16,0.36111136091613455,1.0121065544956878e-14
ENSG00000117593.9,0.3609485818493687,1.0423314394476542e-14
ENSG00000100399.14,0.3608440205654515,1.062211444177932e-14
ENSG00000119888.9,0.3608323291186292,1.356602886689776e-14
ENSG00000071246.9,0.3608251957860316,1.0658298412465131e-14
ENSG00000101052.11,0.36080807048334,1.0691320714375406e-14
ENSG00000084623.10,0.36077760103263673,1.0750322428098375e-14
ENSG00000065526.9,0.36076587460310783,1.0773114727467627e-14
ENSG00000115504.13,0.3607309974020689,1.0841184879355624e-14
ENSG00000101276.13,0.36072241352110473,1.0858002684480967e-14
ENSG00000116985.9,0.36048134594935327,1.1340898832975119e-14
ENSG00000102001.11,0.3604775655799731,1.1348636769499281e-14
ENSG00000102606.16,0.3601555305035814,1.2027159711915042e-14
ENSG00000104714.12,0.3600659861362002,1.2222793041512334e-14
ENSG00000117595.9,0.35995212741843186,1.2476058402090728e-14
ENSG00000081177.17,0.35992272924131924,1.2542282582992787e-14
ENSG00000112306.7,0.35984986090314375,1.270791990224072e-14
ENSG00000118965.13,0.35948069517612125,1.358059233549732e-14
ENSG00000104783.10,0.3594370474123195,1.3687577658078376e-14
ENSG00000006757.10,0.3593804250680557,1.382759708071604e-14
ENSG00000113272.12,0.3593522488032683,1.389779550814046e-14
ENSG00000113407.12,0.3593222792996983,1.3972845086275797e-14
ENSG00000106477.17,0.35931152733214566,1.399986687569837e-14
ENSG00000074621.12,0.35920697422956643,1.4265314991498383e-14
ENSG00000118557.14,0.3590478071794584,1.4678922191460772e-14
ENSG00000119328.10,0.35888732677405677,1.510783952209438e-14
ENSG00000113384.12,0.3587633662230096,1.544753858717226e-14
ENSG00000080503.18,0.3587551283827724,1.5470376878253712e-14
ENSG00000072786.11,0.35874864477696716,1.548837506965357e-14
ENSG00000100347.13,0.3587342906237974,1.552829460273732e-14
ENSG00000044574.7,0.35865694371964685,1.5745142139165252e-14
ENSG00000119333.10,0.3585445563928423,1.6065528076191268e-14
ENSG00000109475.15,0.3585390877690142,1.6081279644367654e-14
ENSG00000110583.11,0.3584482636652686,1.6345109835964163e-14
ENSG00000110925.5,0.3584468510687857,1.6349246543290892e-14
ENSG00000104998.3,0.35844317679197635,1.6360011258483002e-14
ENSG00000074071.12,0.3584360737002491,1.6380841250870063e-14
ENSG00000100154.13,0.3583863641669434,1.652734512796456e-14
ENSG00000056097.14,0.35823089964042226,1.6993869769087986e-14
ENSG00000102547.17,0.35817174842272576,1.7174743096563576e-14
ENSG00000091536.15,0.3580194766566973,1.7649088865482548e-14
ENSG00000112304.9,0.3578960621239146,1.8042942758923888e-14
ENSG00000111481.8,0.35787263386099427,1.811867664701791e-14
ENSG00000090432.6,0.3578489057360218,1.819569747914385e-14
ENSG00000035681.6,0.35771195520424715,1.8646547552022216e-14
ENSG00000101194.16,0.35765875409846104,1.8824626792295195e-14
ENSG00000086712.11,0.35765591726006063,1.883416917350633e-14
ENSG00000101342.8,0.3576435633723665,1.8875779731819e-14
ENSG00000116774.10,0.3575808829031499,1.908829358523782e-14
ENSG00000102024.16,0.35753464853911276,1.9246549352557037e-14
ENSG00000119408.15,0.3573859136471404,1.9764428578867335e-14
ENSG00000106483.10,0.3572854656414457,2.012188015207344e-14
ENSG00000005893.14,0.35724105985316235,2.0281914170313245e-14
ENSG00000113312.9,0.3572408913123204,2.028252394495962e-14
ENSG00000090520.9,0.35717408898482467,2.0525632886220158e-14
ENSG00000103460.15,0.3571478139870958,2.0622034295573542e-14
ENSG00000116288.11,0.357112976919899,2.075053401466965e-14
ENSG00000020426.9,0.357112350501747,2.0752851784090977e-14
ENSG00000068489.11,0.3570317589883626,2.1053169457842834e-14
ENSG00000101365.19,0.35701626232832956,2.1111402865289632e-14
ENSG00000062038.12,0.35692461702688616,2.1459029692975738e-14
ENSG00000101115.11,0.3566577519015639,2.2503566285144737e-14
ENSG00000006025.10,0.35661243724715763,2.268581477407958e-14
ENSG00000108848.14,0.3564946432430546,2.3166359200498913e-14
ENSG00000100764.12,0.35649053050990104,2.3183316245839636e-14
ENSG00000005194.13,0.3563485578677606,2.377619550002609e-14
ENSG00000105993.13,0.35614630727555896,2.4646537123652334e-14
ENSG00000078487.16,0.35593501766211844,2.558912070548755e-14
ENSG00000105289.13,0.35588704482592276,2.580800445626644e-14
ENSG00000102760.12,0.3556944462908642,2.6705388479384753e-14
ENSG00000024862.15,0.35557418270225266,2.7281174480834938e-14
ENSG00000006453.12,0.3555387120560962,2.7453308626039225e-14
ENSG00000103274.9,0.3555164959959652,2.7561661759291883e-14
ENSG00000111775.2,0.3555093083788493,2.759680717172684e-14
ENSG00000076248.9,0.35547949165577325,2.774307213360161e-14
ENSG00000066455.11,0.3554198565501925,2.8037893246906503e-14
ENSG00000087076.7,0.3554121402139783,2.8076264544525458e-14
ENSG00000108654.10,0.3553534652416919,2.8369728081633407e-14
ENSG00000107821.13,0.3551845405376374,2.9231495326048116e-14
ENSG00000080824.17,0.3551769032998882,2.927105686230574e-14
ENSG00000100348.8,0.355138521394852,2.947067425968812e-14
ENSG00000105819.12,0.3551284876478393,2.9523077567924655e-14
ENSG00000119655.7,0.3551104750915795,2.9617381068169966e-14
ENSG00000102172.14,0.3550622744497582,2.9871186580088625e-14
ENSG00000100100.11,0.3550276843249991,3.005463696329283e-14
ENSG00000050426.14,0.3549898690377034,3.02564556023533e-14
ENSG00000113648.15,0.35497122905598993,3.03564245202149e-14
ENSG00000063978.14,0.35495162714837497,3.0461901578275555e-14
ENSG00000102393.8,0.35484842064910554,3.102320322920033e-14
ENSG00000005302.16,0.3546865820254304,3.192385313300928e-14
ENSG00000075239.12,0.35468629443780436,3.1925476176488344e-14
ENSG00000099960.11,0.35465147091409,3.2122606824964574e-14
ENSG00000114391.11,0.35464654300186427,3.2150599155804876e-14
ENSG00000119650.11,0.3546122395171375,3.234611888094053e-14
ENSG00000107902.12,0.3541963372773378,3.481136908865414e-14
ENSG00000119977.19,0.35409833018793635,3.5418587497022594e-14
ENSG00000104356.9,0.35409283512598777,3.545293860211617e-14
ENSG00000116205.9,0.3540624805413718,3.564328234714221e-14
ENSG00000100418.7,0.3539904058406875,3.6099260390267955e-14
ENSG00000103494.11,0.3539761351068661,3.6190219252312825e-14
ENSG00000069998.11,0.35387538793462747,3.68387824563245e-14
ENSG00000106261.15,0.3538467066831305,3.702549249880314e-14
ENSG00000067445.19,0.3538364396266666,3.7092554412540115e-14
ENSG00000065518.7,0.35379624514883956,3.735624196705556e-14
ENSG00000100288.18,0.3536602654083338,3.8261999664277174e-14
ENSG00000070031.3,0.35358102748162956,3.8799688751021496e-14
ENSG00000110092.3,0.3533335476657825,4.052714396675376e-14
ENSG00000110025.11,0.3533052006375294,4.0729758424613476e-14
ENSG00000112186.10,0.3530466073762759,4.262451399325443e-14
ENSG00000056998.17,0.3529670489444783,4.322463391176639e-14
ENSG00000103018.15,0.3529174464944623,4.360297350605338e-14
ENSG00000043143.19,0.3528268863053794,4.4302103446379194e-14
ENSG00000077150.16,0.3528208777664996,4.4348876300856475e-14
ENSG00000104808.6,0.3528061368150915,4.446383078566835e-14
ENSG00000068028.16,0.3527890496063981,4.459744749712711e-14
ENSG00000074416.12,0.3527543430715022,4.4870054141645585e-14
ENSG00000119862.11,0.3527383891430902,4.4995913308740463e-14
ENSG00000085231.12,0.3526711923496985,4.552983048580689e-14
ENSG00000105865.9,0.3526697152539014,4.5541636313385985e-14
ENSG00000109536.10,0.352618707340612,4.5951167196302755e-14
ENSG00000090615.11,0.35261028354739327,4.601914617326518e-14
ENSG00000065485.16,0.35253150661983246,4.6659654494528495e-14
ENSG00000111199.9,0.35252037736807856,4.675084394229605e-14
ENSG00000109089.7,0.3524143549076521,4.76283590237678e-14
ENSG00000073969.17,0.3523409482726496,4.824535696776627e-14
ENSG00000013297.9,0.35229335713402865,4.8649547583040525e-14
ENSG00000111275.11,0.35225482777246836,4.8979205361449763e-14
ENSG00000114626.16,0.35205364375789305,5.073641101559625e-14
ENSG00000100299.16,0.35199572353945846,5.1253655371899696e-14
ENSG00000095139.12,0.35191122140821895,5.20175629145482e-14
ENSG00000109062.8,0.35187794674507106,5.232142051465344e-14
ENSG00000025156.11,0.35180507709812897,5.2992938563943596e-14
ENSG00000111726.11,0.35180341123661774,5.300838833723542e-14
ENSG00000001036.12,0.35179730143429117,5.306509053083216e-14
ENSG00000100359.19,0.3517903533629807,5.312964451812317e-14
ENSG00000117245.11,0.35172112737938077,5.377703434436305e-14
ENSG00000111581.8,0.3516775705893649,5.4188324709154834e-14
ENSG00000100097.10,0.35167599762409246,5.420323513929968e-14
ENSG00000102921.6,0.35153339635934017,5.557181146741962e-14
ENSG00000113108.16,0.351510909810923,5.5790687668383774e-14
ENSG00000106070.16,0.35145236737650903,5.6364488558382796e-14
ENSG00000101665.7,0.3513681311716062,5.720028300176049e-14
ENSG00000071242.10,0.351354143431738,5.734024034925204e-14
ENSG00000100312.9,0.35134957078856516,5.73860656375794e-14
ENSG00000071539.12,0.35129470161014714,5.793874977729884e-14
ENSG00000066382.15,0.3512479734409298,5.841354036141163e-14
ENSG00000111602.10,0.3511899669902256,5.900823126697662e-14
ENSG00000080573.6,0.35115365531390763,5.938351840223127e-14
ENSG00000078269.12,0.35111638765474973,5.977111700836911e-14
ENSG00000119446.12,0.35098323655561836,6.117629426234946e-14
ENSG00000007923.14,0.3509492722024067,6.153987792784323e-14
ENSG00000075945.11,0.3508637219118047,6.246508907020866e-14
ENSG00000054148.16,0.3508228591090231,6.291180835892698e-14
ENSG00000105880.4,0.3507862678273543,6.331448564099368e-14
ENSG00000100150.15,0.3507855262957328,6.33226720453095e-14
ENSG00000112584.12,0.3507688274692521,6.350729957220561e-14
ENSG00000100575.12,0.3507290782402854,6.394890391074033e-14
ENSG00000117862.10,0.350720833588658,6.40408759672603e-14
ENSG00000050748.16,0.35017365814491747,7.044337629702106e-14
ENSG00000111832.11,0.3500738623285457,7.167687345715492e-14
ENSG00000014138.7,0.34994505285405014,7.330030364177784e-14
ENSG00000002919.13,0.34983823863430974,7.467379119830859e-14
ENSG00000103184.10,0.3497513949716114,7.580903663182479e-14
ENSG00000068024.15,0.3497447004925515,7.589724728016238e-14
ENSG00000110328.5,0.34965004988829856,7.71552351168105e-14
ENSG00000110696.8,0.34963281702694576,7.738646225478164e-14
ENSG00000118640.9,0.34958707077248447,7.800357405024989e-14
ENSG00000090905.16,0.3495816335514478,7.807724128617607e-14
ENSG00000119041.9,0.34952748069441103,7.881467095334293e-14
ENSG00000095002.11,0.34939173770501614,8.069327327159866e-14
ENSG00000100626.15,0.349342291477893,8.138842021849462e-14
ENSG00000084112.13,0.3493388719083972,8.14367109936324e-14
ENSG00000068650.17,0.34931602656269695,8.176005121561305e-14
ENSG00000001631.13,0.34920422467541773,8.336065587803441e-14
ENSG00000100442.9,0.3490876157542732,8.506277529905361e-14
ENSG00000084652.14,0.349038186561084,8.579451496735689e-14
ENSG00000103351.11,0.3489241285289213,8.750661450815818e-14
ENSG00000048140.16,0.3488910538642666,8.800931922829427e-14
ENSG00000053918.14,0.34888241553269944,8.814107915013079e-14
ENSG00000103489.10,0.3488059857249279,8.931530656546949e-14
ENSG00000104369.4,0.3487869183334674,8.961062769111406e-14
ENSG00000082701.13,0.34878637025085224,8.961913067419566e-14
ENSG00000103381.10,0.34874340692708117,9.028813063965187e-14
ENSG00000105290.10,0.3486885945358852,9.114874182206916e-14
ENSG00000110700.5,0.34842923173736734,9.533118419701081e-14
ENSG00000106976.17,0.3484053665911487,9.572534129106423e-14
ENSG00000092199.16,0.3483834294800458,9.60890625573736e-14
ENSG00000102935.10,0.348330359029296,9.69745874877883e-14
ENSG00000060138.11,0.3482225075242321,9.879887606466594e-14
ENSG00000115414.17,0.34812220648910847,1.0052558925215142e-13
ENSG00000116062.13,0.3480795747793079,1.0126842626011704e-13
ENSG00000106018.12,0.34798022229000336,1.0302052095362741e-13
ENSG00000028528.13,0.3479023252158299,1.0441497793414743e-13
ENSG00000089060.10,0.34783788209403976,1.0558254961826121e-13
ENSG00000059769.18,0.34782489441036957,1.0581940205671866e-13
ENSG00000086061.14,0.347753471988687,1.0713123956529059e-13
ENSG00000091436.15,0.34762878893656324,1.0945960423932253e-13
ENSG00000114942.12,0.34762499636066024,1.095311989425467e-13
ENSG00000013374.14,0.34761433505201894,1.0973270453146658e-13
ENSG00000089048.13,0.3475457243316724,1.1103820475585286e-13
ENSG00000103187.7,0.347192001052202,1.1801385503825063e-13
ENSG00000116670.13,0.3471109193950052,1.1967231064249286e-13
ENSG00000108666.8,0.3470696426741704,1.205253355177094e-13
ENSG00000047056.13,0.34691518723923287,1.2377046168312032e-13
ENSG00000057757.8,0.3467902331351044,1.2645823329545853e-13
ENSG00000112062.9,0.34677546966850903,1.2677954737692696e-13
ENSG00000002016.15,0.34671494433320627,1.2810520673691548e-13
ENSG00000096080.10,0.34668602057482467,1.2874349472217326e-13
ENSG00000110074.9,0.3466581233336294,1.2936207950293884e-13
ENSG00000119929.11,0.34665054019660374,1.295307281051063e-13
ENSG00000003509.14,0.34662233518947383,1.3015989782635321e-13
ENSG00000101470.8,0.34659182948954287,1.3084375791070367e-13
ENSG00000073584.17,0.3465742618718357,1.3123917431214304e-13
ENSG00000101928.11,0.3463959695513895,1.3531900644225407e-13
ENSG00000057593.12,0.34635550095411805,1.3626219394721636e-13
ENSG00000090006.16,0.3463367825000372,1.367006329139259e-13
ENSG00000109920.11,0.34624298468419135,1.3891853077115435e-13
ENSG00000110048.10,0.34610842300389394,1.4216196054771854e-13
ENSG00000093183.12,0.34607909196095676,1.4287872752568497e-13
ENSG00000092094.9,0.3460713138715876,1.4306939467245415e-13
ENSG00000107745.15,0.3459844265645505,1.4521630410789092e-13
ENSG00000117280.11,0.3458881927409133,1.4763098281264645e-13
ENSG00000036257.11,0.3458584240457137,1.483858625443291e-13
ENSG00000082438.14,0.34581796861666825,1.4941779933708843e-13
ENSG00000115840.12,0.34569087161685846,1.5270571485768473e-13
ENSG00000054116.10,0.3456666386762039,1.5334059708125098e-13
ENSG00000087586.16,0.3456510563889432,1.537502040860634e-13
ENSG00000090238.10,0.34560865520707207,1.5487022295051683e-13
ENSG00000068078.16,0.3455038092772475,1.5767411884643768e-13
ENSG00000104856.12,0.34542628092761163,1.5977936563059527e-13
ENSG00000117222.12,0.345340925259138,1.6212899407589163e-13
ENSG00000099219.12,0.3453053302108698,1.6311880211044297e-13
ENSG00000116957.11,0.34515494362356025,1.673663777987045e-13
ENSG00000040633.11,0.3451228298631816,1.6828734412243417e-13
ENSG00000086827.7,0.3451167675499373,1.684617565142119e-13
ENSG00000118961.13,0.34501856059292785,1.7131194380906086e-13
ENSG00000105849.5,0.3449074583227448,1.7459332026484282e-13
ENSG00000108829.9,0.34489196088764223,1.750558959044833e-13
ENSG00000085511.18,0.34488102988395664,1.753828917063378e-13
ENSG00000086848.13,0.34486634678873856,1.7582307084962454e-13
ENSG00000108106.12,0.3447887975407891,1.7816589398974095e-13
ENSG00000114395.9,0.34475168586890514,1.7929785249862702e-13
ENSG00000109063.13,0.34468909052718094,1.8122307230500358e-13
ENSG00000065600.11,0.3446747230628684,1.8166781427932408e-13
ENSG00000073150.12,0.3446027114081434,1.839130700831986e-13
ENSG00000105879.10,0.3445110540924962,1.8681018642554107e-13
ENSG00000111897.6,0.34449976912422325,1.8716995775203925e-13
ENSG00000075240.15,0.34444529960953507,1.8891603811820346e-13
ENSG00000108588.12,0.34437174335007364,1.9129929431502507e-13
ENSG00000114446.4,0.3442754718773529,1.944630492283932e-13
ENSG00000022976.14,0.3442558040065629,1.9511566435312429e-13
ENSG00000104413.14,0.3441282820171484,1.9939939463717861e-13
ENSG00000087095.11,0.3440621352815933,2.01657528856642e-13
ENSG00000119720.16,0.34403194430213135,2.0269649883774057e-13
ENSG00000105808.16,0.343929771131509,2.062516345609752e-13
ENSG00000053438.8,0.34385091480759217,2.090371231988109e-13
ENSG00000106591.3,0.3438313606864414,2.0973352321815314e-13
ENSG00000104738.15,0.343674648751481,2.1539730455043458e-13
ENSG00000055917.14,0.34361470849682824,2.1760298159758366e-13
ENSG00000060642.9,0.3436054035233826,2.1794736200328358e-13
ENSG00000076258.8,0.34355978578513185,2.1964342518336088e-13
ENSG00000088888.16,0.34346049193347106,2.2337995285068568e-13
ENSG00000108406.8,0.34332374569426505,2.286278776370263e-13
ENSG00000082196.19,0.3432511995293599,2.3146079128800617e-13
ENSG00000042088.12,0.3432500614059617,2.315055074157168e-13
ENSG00000107960.9,0.3430505970776527,2.394743526539239e-13
ENSG00000116717.10,0.3430018806965982,2.414610663932569e-13
ENSG00000119682.15,0.3429791710757831,2.4239269716207427e-13
ENSG00000102804.13,0.34279006387930216,2.502884248756463e-13
ENSG00000035862.11,0.34273061177598746,2.5282232137788475e-13
ENSG00000010295.18,0.34271591932702383,2.5345238463618506e-13
ENSG00000100207.17,0.34269940183623177,2.5416254727311475e-13
ENSG00000059691.10,0.3426490940979858,2.5633752867682003e-13
ENSG00000069329.14,0.342624633869005,2.574016027362811e-13
ENSG00000076003.4,0.34262291021619046,2.574767482969571e-13
ENSG00000114354.11,0.342610844646489,2.580033687990637e-13
ENSG00000119685.18,0.34257864722033615,2.5941384128865275e-13
ENSG00000111540.14,0.34242581426392305,2.6621259750367253e-13
ENSG00000067533.5,0.3423796348561244,2.68300976146346e-13
ENSG00000006451.6,0.3423376338599587,2.7021431292662217e-13
ENSG00000104408.8,0.34223573515662986,2.7491193900855297e-13
ENSG00000105613.8,0.3422283927264447,2.7525350242519244e-13
ENSG00000088002.10,0.34156358585624164,3.0796376649484573e-13
ENSG00000081818.3,0.34153198407957,3.0960991887574946e-13
ENSG00000108788.10,0.3414816327246866,3.122505535945425e-13
ENSG00000106565.16,0.3414050718392031,3.163080154418138e-13
ENSG00000119013.7,0.3412915189853281,3.2242110700351457e-13
ENSG00000100101.14,0.34125319785936,3.2451009373500705e-13
ENSG00000075073.13,0.34112352758733816,3.316774804154907e-13
ENSG00000100320.21,0.34111944809537553,3.3190546555125527e-13
ENSG00000082146.11,0.3409624902216505,3.4079458610558324e-13
ENSG00000064270.11,0.34092418905406996,3.4299884422611115e-13
ENSG00000116478.10,0.34075195752561277,3.5308454581439764e-13
ENSG00000006125.15,0.3407325860051099,3.542369187978927e-13
ENSG00000113209.8,0.3406713907822481,3.579015315234227e-13
ENSG00000047410.12,0.34063291557112996,3.6022454798435745e-13
ENSG00000100129.16,0.3405682650159388,3.6416122159833306e-13
ENSG00000105404.9,0.34053720422867695,3.660675034483298e-13
ENSG00000114739.12,0.3405285559550574,3.6660000634679253e-13
ENSG00000112305.13,0.340512918669195,3.6756477101486386e-13
ENSG00000020922.11,0.3404025392278378,3.744458110153618e-13
ENSG00000105997.21,0.3403749335795958,3.761863539437538e-13
ENSG00000054118.12,0.34030108611840837,3.8088146520151127e-13
ENSG00000110218.7,0.3402904504578352,3.815623713781978e-13
ENSG00000111341.8,0.3402817127294546,3.8212266110505316e-13
ENSG00000064932.14,0.340226807979747,3.8566178952058056e-13
ENSG00000019144.15,0.3401365688159709,3.915483541659623e-13
ENSG00000105640.11,0.34011282054549324,3.9311208048331456e-13
ENSG00000012174.10,0.3398715944373627,4.093461683007098e-13
ENSG00000106723.15,0.3398266716952908,4.124410222897813e-13
ENSG00000104324.14,0.33976499662181453,4.167273140484313e-13
ENSG00000108055.9,0.33972826085739327,4.193010557278381e-13
ENSG00000104517.11,0.3397105732449098,4.2054580722567313e-13
ENSG00000019995.6,0.33968487287369187,4.2236089631578985e-13
ENSG00000070371.14,0.3396685133519797,4.23520278169759e-13
ENSG00000078618.18,0.3395186114972652,4.34289690545181e-13
ENSG00000105426.13,0.3394861259252581,4.3665864030764805e-13
ENSG00000102098.16,0.33942786909354217,4.4093861971244913e-13
ENSG00000113812.12,0.33942474628340086,4.411692000173101e-13
ENSG00000054392.11,0.3393580597574799,4.4612141859206983e-13
ENSG00000092445.10,0.3393510332723089,4.46646370156531e-13
ENSG00000109107.12,0.33930194848654344,4.5033041050839516e-13
ENSG00000116984.11,0.3389407076192703,4.783730853209711e-13
ENSG00000009335.16,0.3385645321937228,5.093901356180826e-13
ENSG00000075568.15,0.3385497457068869,5.106486993095879e-13
ENSG00000104365.12,0.33825237912023504,5.366148914109865e-13
ENSG00000115524.14,0.3379589537716116,5.635014844564637e-13
ENSG00000104341.15,0.3379505740362911,5.642883630942758e-13
ENSG00000118523.5,0.3377998795017082,5.786238414651485e-13
ENSG00000105499.12,0.33771415518911907,5.869370904299638e-13
ENSG00000115268.8,0.3376880659223582,5.894902487512789e-13
ENSG00000005448.15,0.337674376050215,5.908343156634386e-13
ENSG00000101972.17,0.3375498126277286,6.032024581524091e-13
ENSG00000116151.12,0.3375428935486736,6.038968423958352e-13
ENSG00000116560.9,0.33750096252873896,6.081217111263585e-13
ENSG00000067369.12,0.3373066683046155,6.280787439906378e-13
ENSG00000112365.4,0.3372384938515485,6.352320389463797e-13
ENSG00000106125.14,0.3371685015560096,6.426589738038916e-13
ENSG00000023734.9,0.3371540469680623,6.44203309595107e-13
ENSG00000001630.14,0.33705394279622164,6.549985679607941e-13
ENSG00000102053.12,0.3370075614315037,6.60060143521626e-13
ENSG00000048342.14,0.3369822619035036,6.628371752072385e-13
ENSG00000013810.17,0.33690666693457194,6.712032138685963e-13
ENSG00000010017.12,0.3368841482241385,6.737152483962166e-13
ENSG00000110697.11,0.3368241437686905,6.804539257685495e-13
ENSG00000003756.15,0.3367690239424448,6.867021169210869e-13
ENSG00000099901.15,0.3366442954026296,7.010488173037335e-13
ENSG00000106049.7,0.3365293493055319,7.145296553249555e-13
ENSG00000089820.14,0.3365132368915427,7.164394623140231e-13
ENSG00000049283.16,0.3364519522929185,7.237492551234123e-13
ENSG00000111665.10,0.33637506154660984,7.330237347620979e-13
ENSG00000084628.8,0.3363727851732847,7.333000727641645e-13
ENSG00000073670.12,0.33632499496829255,7.391250972651407e-13
ENSG00000107949.15,0.33631805219344535,7.399750905666516e-13
ENSG00000065150.17,0.33626404195879833,7.466202116150005e-13
ENSG00000013016.13,0.33626016401078923,7.470995724711686e-13
ENSG00000079277.18,0.33614529007806004,7.614367047422755e-13
ENSG00000118363.10,0.33603594792937314,7.753332380190405e-13
ENSG00000002079.11,0.33603222952802847,7.758101532003099e-13
ENSG00000063046.16,0.33597687907623314,7.82943315011093e-13
ENSG00000100462.14,0.33579705854810366,8.06562835958849e-13
ENSG00000118197.12,0.33577249636739565,8.098427123425014e-13
ENSG00000092931.10,0.33546003713799766,8.527223788693957e-13
ENSG00000118194.17,0.3354387741831021,8.557197225467878e-13
ENSG00000109180.13,0.3354301568250598,8.569374050933661e-13
ENSG00000067248.8,0.3353006100053151,8.754486558797076e-13
ENSG00000067704.9,0.3350506911323794,9.12271673284564e-13
ENSG00000111640.13,0.3350438832474464,9.132956499284609e-13
ENSG00000105255.9,0.33504089385213376,9.13745641132598e-13
ENSG00000107262.15,0.3349201309692335,9.321064121612293e-13
ENSG00000092295.10,0.33490194101645326,9.34903095056088e-13
ENSG00000087995.14,0.334899199673659,9.353252840880552e-13
ENSG00000034713.6,0.33488853147652936,9.369700484210597e-13
ENSG00000117691.8,0.33488053783433536,9.382043179481688e-13
ENSG00000103671.8,0.33484809089553935,9.432306800455992e-13
ENSG00000110768.10,0.3348284287434895,9.462893526053702e-13
ENSG00000102710.18,0.3347371615925998,9.6061448215226e-13
ENSG00000109113.16,0.33468619464734106,9.687062214728383e-13
ENSG00000010539.10,0.3346807740615739,9.695707294440915e-13
ENSG00000112559.12,0.33463826777045874,9.763760977294121e-13
ENSG00000048991.15,0.3345881654487718,9.844576058886364e-13
ENSG00000113140.9,0.33453458150231224,9.93173092607577e-13
ENSG00000012963.12,0.33430460018704816,1.0314445458532976e-12
ENSG00000116221.14,0.3341291240323911,1.0616121315303461e-12
ENSG00000085377.12,0.33410338155994146,1.0661096955284004e-12
ENSG00000110066.13,0.3340657489359908,1.0727181800892807e-12
ENSG00000017797.10,0.33393884784336686,1.09529930782237e-12
ENSG00000114200.8,0.3339135812724146,1.0998504775421961e-12
ENSG00000077097.12,0.3338974174734074,1.1027716937876625e-12
ENSG00000080802.17,0.3338685410863299,1.1080092989489423e-12
ENSG00000030066.12,0.33373412036896793,1.1327124720520425e-12
ENSG00000106868.15,0.33364211758287465,1.1499298969174635e-12
ENSG00000106853.15,0.33363506036975915,1.1512611029489737e-12
ENSG00000015171.17,0.33351865103309986,1.1734381350275943e-12
ENSG00000100867.13,0.33350741837469794,1.1756000260203933e-12
ENSG00000099810.17,0.33338483061088736,1.199448505973537e-12
ENSG00000053372.4,0.3333150476204938,1.2132348476442525e-12
ENSG00000035687.9,0.333265074163454,1.2232026997845288e-12
ENSG00000114854.6,0.3332624345982841,1.2237314157914909e-12
ENSG00000105464.3,0.3331997751607542,1.2363481832103908e-12
ENSG00000108669.15,0.3330743355784158,1.2619893758071096e-12
ENSG00000091651.7,0.3330305317059811,1.2710652679376293e-12
ENSG00000065320.7,0.3329974271609657,1.277966636514103e-12
ENSG00000116885.17,0.33297084741227423,1.2835342740913588e-12
ENSG00000100393.9,0.332824680908808,1.3145780791720756e-12
ENSG00000119402.15,0.3327809148689404,1.324015377599498e-12
ENSG00000106771.11,0.3327529869031195,1.3300720900497335e-12
ENSG00000118418.13,0.33273999603337967,1.3328986311546867e-12
ENSG00000107438.7,0.33271175678965076,1.3390631731352933e-12
ENSG00000107951.11,0.3327059729884565,1.3403291945129171e-12
ENSG00000054179.10,0.3326684400570005,1.348573296497644e-12
ENSG00000076716.8,0.33265512586099005,1.3515096537047475e-12
ENSG00000005175.8,0.33255567770649586,1.373640885649468e-12
ENSG00000087258.12,0.3325554737775694,1.3736866301022722e-12
ENSG00000111110.10,0.33252697564922795,1.3800938755767463e-12
ENSG00000073578.15,0.3324597288282613,1.3953290486978064e-12
ENSG00000085999.10,0.3323577556271327,1.418745915216543e-12
ENSG00000083817.8,0.3322664518280881,1.4400384089770253e-12
ENSG00000023608.4,0.33218293420182116,1.4597885237667663e-12
ENSG00000104325.5,0.3321541296747075,1.466661397452243e-12
ENSG00000109775.9,0.33207095342471016,1.4866856326399295e-12
ENSG00000100092.19,0.33206548610140774,1.4880111826478184e-12
ENSG00000083093.8,0.3319832112942431,1.5080987528454951e-12
ENSG00000065154.10,0.3319820267949889,1.5083898780301778e-12
ENSG00000081853.14,0.3319581527848851,1.5142693386820954e-12
ENSG00000070718.10,0.3318436701224027,1.5427757818471572e-12
ENSG00000014641.16,0.33177391477236307,1.5604015381747081e-12
ENSG00000115548.15,0.331760062687076,1.5639250324615625e-12
ENSG00000104903.4,0.3317524685235945,1.5658600264053433e-12
ENSG00000070269.12,0.33174855721679,1.5668575409102492e-12
ENSG00000119523.9,0.33163384811021884,1.5963900761697698e-12
ENSG00000111144.8,0.33149558192125483,1.6327113826047021e-12
ENSG00000069482.6,0.33133875351786735,1.6748871038625185e-12
ENSG00000112039.3,0.33133719865421773,1.6753105380477603e-12
ENSG00000108528.12,0.33125199695551266,1.6986740924666307e-12
ENSG00000116852.13,0.33108909804833836,1.7442333085181747e-12
ENSG00000070010.17,0.33097878417727206,1.7757617347139477e-12
ENSG00000099330.7,0.3309368827299115,1.7878828591707966e-12
ENSG00000115194.9,0.33084279534587613,1.8153956246200446e-12
ENSG00000092068.17,0.33072908089390124,1.8492004191943772e-12
ENSG00000115129.12,0.3307237571187438,1.850798047548813e-12
ENSG00000061455.10,0.33067165897997874,1.8665037180955076e-12
ENSG00000089195.13,0.330620074607985,1.882182836158931e-12
ENSG00000101911.11,0.33055260681871856,1.9028841670738823e-12
ENSG00000043514.14,0.3304465340994185,1.935881560018713e-12
ENSG00000067334.12,0.33040017398430893,1.9504784280788073e-12
ENSG00000116161.16,0.3303655152203256,1.9614612527370158e-12
ENSG00000106993.10,0.3302954629053028,1.9838446228105684e-12
ENSG00000117174.9,0.3302678617103092,1.9927322553282987e-12
ENSG00000099869.7,0.3302636477002181,1.9940925939580025e-12
ENSG00000103723.11,0.3302258439155772,2.00633682576978e-12
ENSG00000114902.12,0.33017745005062743,2.0221183623034894e-12
ENSG00000087842.9,0.33017352794067967,2.023402688654538e-12
ENSG00000092621.10,0.3300003110073508,2.0809261174716906e-12
ENSG00000072952.17,0.32987990011292867,2.1218518371074545e-12
ENSG00000006715.14,0.3298572361433247,2.1296424463102195e-12
ENSG00000073849.13,0.329717035464608,2.1784607568836767e-12
ENSG00000089157.14,0.32954955460640634,2.2382131071307183e-12
ENSG00000084207.14,0.3294404522743563,2.2779961800799423e-12
ENSG00000055950.15,0.32942772194587144,2.2826829510673742e-12
ENSG00000101868.9,0.32939725780206414,2.2939368602571535e-12
ENSG00000084733.9,0.32923671127729154,2.3541469671585983e-12
ENSG00000089472.15,0.3291580104660938,2.384223742509601e-12
ENSG00000077274.8,0.3289740245579873,2.4560096620246845e-12
ENSG00000099290.14,0.3288743255876677,2.495787306979838e-12
ENSG00000095787.20,0.3288306643877495,2.5134047376316745e-12
ENSG00000070159.12,0.32873923480063516,2.550691488264212e-12
ENSG00000103056.10,0.3285348046648948,2.6360284343082004e-12
ENSG00000107929.13,0.3283266586122503,2.725781576461926e-12
ENSG00000087303.15,0.32829208811101995,2.7409748701297554e-12
ENSG00000110435.10,0.32813474122470143,2.8111788164585195e-12
ENSG00000076321.9,0.32807726157054456,2.8372603846506534e-12
ENSG00000070778.11,0.3279829750603017,2.880556101866129e-12
ENSG00000108576.8,0.32792763584690116,2.9062674470105184e-12
ENSG00000099992.14,0.32784606280663886,2.944576770690117e-12
ENSG00000011260.12,0.3278401732169068,2.947361731777107e-12
ENSG00000108389.8,0.32783039397305136,2.9519916470796138e-12
ENSG00000090013.8,0.32779765807971734,2.9675420021399353e-12
ENSG00000111276.9,0.3277841809006797,2.9739672287465544e-12
ENSG00000107736.18,0.32760394324761377,3.0612129620874684e-12
ENSG00000105011.7,0.3274005419918463,3.1626765808839716e-12
ENSG00000116199.10,0.3273830166177385,3.171571038463509e-12
ENSG00000004864.12,0.32725095882004296,3.2393833978697238e-12
ENSG00000119820.9,0.32723502218165856,3.2476621309553865e-12
ENSG00000074657.12,0.32716584822452754,3.2838367280682245e-12
ENSG00000102931.6,0.32713219939930366,3.3015754607525878e-12
ENSG00000079337.14,0.3270911663988229,3.3233336585979603e-12
ENSG00000021645.16,0.32706113765516115,3.3393454491011444e-12
ENSG00000111186.11,0.3270566216671792,3.3417599548206887e-12
ENSG00000066735.13,0.3270517739476821,3.344353721541747e-12
ENSG00000091490.9,0.32700107147481333,3.3716001704517486e-12
ENSG00000112081.15,0.3268684114779016,3.4439190999714114e-12
ENSG00000116898.10,0.3267633528915521,3.50226462250834e-12
ENSG00000091542.8,0.32676142890158205,3.503342087629071e-12
ENSG00000116396.12,0.32671810415750596,3.527690575195806e-12
ENSG00000107077.16,0.32655462106845595,3.6210659607692665e-12
ENSG00000042429.9,0.3265125085220493,3.645507547580518e-12
ENSG00000118246.12,0.32651036275578355,3.646757229291548e-12
ENSG00000105829.10,0.32649904961063403,3.6533528624975334e-12
ENSG00000103978.14,0.3264770673622459,3.666201989830741e-12
ENSG00000100554.10,0.32615218983185845,3.861328195853717e-12
ENSG00000119965.11,0.32612655600369156,3.877149034406942e-12
ENSG00000072778.18,0.3260336039479731,3.9350506799088345e-12
ENSG00000092758.14,0.3259170694894196,4.008836741996041e-12
ENSG00000103888.14,0.32585103280883415,4.05124734889407e-12
ENSG00000089558.7,0.3258491936284496,4.052434774029513e-12
ENSG00000009307.14,0.32580738028195183,4.0795225338299004e-12
ENSG00000054277.11,0.3257487638268002,4.117793780583476e-12
ENSG00000101849.14,0.3256772089387894,4.1649882880112835e-12
ENSG00000040608.12,0.3256378022809419,4.191204422855021e-12
ENSG00000101343.13,0.32556868318124677,4.23757728401401e-12
ENSG00000112078.12,0.32553075409845206,4.263236978076204e-12
ENSG00000069345.10,0.32553008137969863,4.263693451351726e-12
ENSG00000074590.12,0.32546534538742417,4.307844149736146e-12
ENSG00000084092.6,0.32539039380879403,4.359520045080652e-12
ENSG00000072954.5,0.3251952850325001,4.496895644605401e-12
ENSG00000076242.13,0.32508616777243016,4.575559275374223e-12
ENSG00000092330.14,0.32482773668448545,4.767264912633445e-12
ENSG00000119699.6,0.32470357485512386,4.862137443238482e-12
ENSG00000042493.14,0.32466883202385277,4.889013158602125e-12
ENSG00000086062.11,0.3245954259278991,4.946275343653021e-12
ENSG00000062194.14,0.32453052665722526,4.997446822094176e-12
ENSG00000008300.13,0.32447880513283145,5.038597899465672e-12
ENSG00000101109.10,0.3242509910727371,5.2238271302095624e-12
ENSG00000112984.10,0.32423906924783347,5.233701424064717e-12
ENSG00000115425.12,0.32423142892456386,5.2400391319908655e-12
ENSG00000066697.13,0.3241516929309762,5.3066297074996235e-12
ENSG00000096872.14,0.3240672543898343,5.378048607548718e-12
ENSG00000099284.12,0.32400789479260256,5.428816584838483e-12
ENSG00000088812.16,0.3239590534743231,5.470939437059918e-12
ENSG00000040933.14,0.323796849413805,5.613134381975683e-12
ENSG00000100908.12,0.3237715462112434,5.6356392685554124e-12
ENSG00000099282.8,0.3237591281943654,5.646716173297283e-12
ENSG00000095539.14,0.32366070148891096,5.735268498586307e-12
ENSG00000070540.11,0.3236263717532178,5.766472079999634e-12
ENSG00000113522.12,0.32350141673040517,5.88145469023546e-12
ENSG00000100297.14,0.3234361934430473,5.94235899876285e-12
ENSG00000116830.10,0.32343535796116396,5.943143138117736e-12
ENSG00000108518.7,0.32341891066827666,5.95860029453298e-12
ENSG00000112769.17,0.32328905693097226,6.082023225179772e-12
ENSG00000101439.7,0.32326780231385427,6.1024616120461734e-12
ENSG00000081760.15,0.32270413181694935,6.669640142013736e-12
ENSG00000010270.12,0.32269479801373424,6.679452393401668e-12
ENSG00000078295.14,0.32255322315750384,6.830024318878574e-12
ENSG00000104549.10,0.3224070494094911,6.988964243589146e-12
ENSG00000075234.15,0.3223927572995041,7.004697017234541e-12
ENSG00000114742.12,0.32238982966270247,7.007924028798856e-12
ENSG00000110880.9,0.32232526416661433,7.079462058823362e-12
ENSG00000117899.9,0.32228426127767856,7.125262626536024e-12
ENSG00000101266.15,0.3221739936706907,7.24987257132715e-12
ENSG00000104368.16,0.3221582846496779,7.267797126855418e-12
ENSG00000116254.16,0.32210692506697874,7.326702796590307e-12
ENSG00000107372.11,0.32203536410855127,7.409555921171356e-12
ENSG00000100422.12,0.32203092033380926,7.414730975286628e-12
ENSG00000064687.11,0.32202227982467424,7.424803494523217e-12
ENSG00000107282.6,0.3218772139714344,7.595920206178065e-12
ENSG00000050165.16,0.3218264343037936,7.656723988029916e-12
ENSG00000010361.12,0.3218156907580412,7.669649132965371e-12
ENSG00000103811.14,0.32173719890133706,7.76472823072578e-12
ENSG00000104388.13,0.3217034485420559,7.805963798577797e-12
ENSG00000062370.15,0.3216059795123957,7.926253764832177e-12
ENSG00000105173.12,0.32156738489086595,7.97438333267155e-12
ENSG00000113212.6,0.3214858422171925,8.077011664487527e-12
ENSG00000015520.13,0.32139281570309886,8.195668656779224e-12
ENSG00000089053.11,0.3212318006096626,8.405081006897714e-12
ENSG00000111057.9,0.3211823354137065,1.1071305477195585e-11
ENSG00000105778.16,0.32116370837282227,8.495203747541905e-12
ENSG00000007392.15,0.3211287172743924,8.541882132082944e-12
ENSG00000090989.16,0.3209233693106138,8.82090724770233e-12
ENSG00000072121.14,0.3208623789459508,8.905480843042316e-12
ENSG00000001461.15,0.3207848830457621,9.01408491635218e-12
ENSG00000108771.11,0.3205834968829374,9.302392860608824e-12
ENSG00000119919.10,0.32050005143414034,9.42447534707801e-12
ENSG00000119705.8,0.3203641496038753,9.626658524932697e-12
ENSG00000110660.13,0.32023409920677687,9.824098181852165e-12
ENSG00000109944.9,0.32016932001283105,9.923914029006811e-12
ENSG00000095380.10,0.3201649880474317,9.930624196749014e-12
ENSG00000039560.12,0.3201605306639225,9.937533259294304e-12
ENSG00000108639.6,0.3201064737614832,1.002169734496185e-11
ENSG00000117859.17,0.32009863196982835,1.0033964301544591e-11
ENSG00000115944.13,0.32008540025225757,1.0054695989428507e-11
ENSG00000106355.8,0.3199297169061306,1.0301785974999002e-11
ENSG00000105894.10,0.31983949084642566,1.0447689396353336e-11
ENSG00000111229.14,0.31962278682512946,1.0806408630372488e-11
ENSG00000088340.14,0.3196035257658824,1.083886792581039e-11
ENSG00000105983.18,0.3194528134280695,1.1096159877391151e-11
ENSG00000102048.14,0.3192436436938399,1.1463150849416332e-11
ENSG00000104883.6,0.3192255113336592,1.1495516659051234e-11
ENSG00000018625.13,0.31919688256996126,1.1546799970080242e-11
ENSG00000107957.15,0.31918261676460785,1.1572437907258664e-11
ENSG00000001460.16,0.3191192089939796,1.1687065777057262e-11
ENSG00000112308.11,0.31906293850098816,1.1789718589275425e-11
ENSG00000077549.16,0.3190492481314517,1.1814826379955173e-11
ENSG00000111231.7,0.319041050597872,1.1829885423011828e-11
ENSG00000111450.12,0.3190392327193776,1.1833227441515673e-11
ENSG00000067225.16,0.31902926911155477,1.5397277123889123e-11
ENSG00000111843.12,0.3189990341547688,1.1907365109817711e-11
ENSG00000102452.14,0.3188076520515961,1.2266591731647034e-11
ENSG00000113248.5,0.31877406601686337,1.2330714933492708e-11
ENSG00000096092.5,0.3186644234656017,1.2542332622375194e-11
ENSG00000090054.12,0.31862784589259324,1.2613715234013843e-11
ENSG00000100647.7,0.31859491077872576,1.2678328596736347e-11
ENSG00000118257.15,0.3185444532728426,1.2777945095594975e-11
ENSG00000100883.10,0.3185400417019897,1.2786690933869789e-11
ENSG00000112992.15,0.31849648878734454,1.287334775352593e-11
ENSG00000060237.15,0.31847674338700555,1.2912823580136618e-11
ENSG00000065534.17,0.3184277369179768,1.3011310564703453e-11
ENSG00000114786.14,0.3183572503902513,1.3154252169496726e-11
ENSG00000004487.14,0.31828787050004786,1.3296445883477583e-11
ENSG00000097021.18,0.3181519829712702,1.3579306350306383e-11
ENSG00000064102.13,0.3181438552084912,1.3596409799157973e-11
ENSG00000096401.7,0.3181253753397388,1.3635375720014057e-11
ENSG00000099834.17,0.3181135175925729,1.3660435878270911e-11
ENSG00000101074.3,0.3180516477228471,1.3791922544832152e-11
ENSG00000087302.7,0.31803540823708665,1.3826639063734608e-11
ENSG00000010278.10,0.31799601289247154,1.3911212602173082e-11
ENSG00000026025.12,0.3179785004336353,1.3948970078921243e-11
ENSG00000119227.6,0.3179536433378337,1.4002734634233618e-11
ENSG00000105887.10,0.31775340025128196,1.444328990159204e-11
ENSG00000120029.11,0.3174890367130593,1.504568479374343e-11
ENSG00000064313.10,0.31741804331435575,1.521158720148084e-11
ENSG00000100814.16,0.3173731248523063,1.531747652790631e-11
ENSG00000036448.8,0.31728046637337126,1.553818393001148e-11
ENSG00000090061.16,0.31718696235422084,1.576405041018168e-11
ENSG00000115942.7,0.31709181471130155,1.5997175259121275e-11
ENSG00000115233.10,0.3170602241409133,1.607531785943255e-11
ENSG00000092820.16,0.31700327598867184,1.621712714167283e-11
ENSG00000035403.15,0.3168916808406481,1.6498564137508152e-11
ENSG00000005483.18,0.31671634907620894,1.695039409389809e-11
ENSG00000008869.10,0.31658800306396445,1.728877340781692e-11
ENSG00000089022.12,0.3165842829133064,1.7298679092851422e-11
ENSG00000074696.11,0.31656731433040214,1.7343931804889933e-11
ENSG00000091428.16,0.3165458115684808,1.7401442465549483e-11
ENSG00000100302.6,0.31652461209699945,1.745832409804726e-11
ENSG00000101004.13,0.3164842450182019,1.7567137618265013e-11
ENSG00000103342.11,0.3163169507301879,1.8025193466256277e-11
ENSG00000108094.13,0.3162989376223937,1.8075203262288507e-11
ENSG00000111011.16,0.3161690916099691,1.8439721735597977e-11
ENSG00000112624.11,0.31608276313812467,1.8686032120019305e-11
ENSG00000071282.10,0.31603945119928,1.881081513217104e-11
ENSG00000115239.20,0.3160202823778351,1.8866300285403702e-11
ENSG00000118655.4,0.3158870083212257,1.9256507964527672e-11
ENSG00000008018.8,0.31572324913616445,1.9746764622021338e-11
ENSG00000089335.19,0.3156830014000145,1.9869108863373103e-11
ENSG00000075213.9,0.31565220021043866,1.996323693526293e-11
ENSG00000106399.10,0.3154891908264277,2.0468681735824717e-11
ENSG00000075413.16,0.3154633324417349,2.0550000113470885e-11
ENSG00000048471.12,0.315426834667888,2.0665313424592468e-11
ENSG00000056558.9,0.3154163901035508,2.069842863838288e-11
ENSG00000004961.13,0.31537029435359826,2.084519790133435e-11
ENSG00000115271.9,0.3153429602959817,2.0932708809836563e-11
ENSG00000102910.12,0.3153363698109292,2.0953862038660683e-11
ENSG00000100220.10,0.3152708119196371,2.116541945158216e-11
ENSG00000113722.15,0.31522904591810025,2.130128484365808e-11
ENSG00000100221.9,0.31522641889732833,2.130985896317351e-11
ENSG00000119414.10,0.3151975741749395,2.140422463729699e-11
ENSG00000106692.12,0.31508270021531554,2.178409670246528e-11
ENSG00000119729.9,0.315058087568794,2.1866338726149907e-11
ENSG00000049883.13,0.3149392868618464,2.226758459058568e-11
ENSG00000119397.15,0.31484762395239546,2.258207379072843e-11
ENSG00000058729.9,0.3148228460512961,2.2667826358457578e-11
ENSG00000104381.11,0.3148038268204086,2.2733864465141824e-11
ENSG00000066651.16,0.31474788017504884,2.292921095609905e-11
ENSG00000075886.10,0.3147410638034527,2.295312300530241e-11
ENSG00000101605.11,0.3145649027042019,2.3579609577425545e-11
ENSG00000103241.6,0.3144967693041534,2.3826361268979567e-11
ENSG00000105131.6,0.3144047867349537,2.416348442741376e-11
ENSG00000108786.9,0.3143101088045578,2.451534487831551e-11
ENSG00000106804.7,0.3142836587528776,2.4614533602522267e-11
ENSG00000115596.3,0.31424633624479875,2.4755160670868914e-11
ENSG00000075292.17,0.31409461790851323,2.533493055815065e-11
ENSG00000116690.10,0.31406630742247477,2.5444571778570688e-11
ENSG00000055211.11,0.31402511372696934,2.560493439057961e-11
ENSG00000100593.16,0.3138097212454057,2.6459621726696566e-11
ENSG00000105991.7,0.31374946556703753,2.6703658929221565e-11
ENSG00000006652.12,0.31364608746733863,2.712746701107967e-11
ENSG00000100294.11,0.3135764166587875,2.7416782127979136e-11
ENSG00000050344.8,0.31343902296179815,2.7996169635564365e-11
ENSG00000023318.7,0.3133171519799018,2.8520080029058008e-11
ENSG00000085117.10,0.3131260585246298,2.9360878606353205e-11
ENSG00000100796.16,0.31311084541044576,2.942884470105325e-11
ENSG00000003393.13,0.31298465889777705,2.999854187338986e-11
ENSG00000113734.16,0.31297714500692575,3.0032802222514144e-11
ENSG00000002933.6,0.31292481473360406,3.0272468049148874e-11
ENSG00000106080.9,0.3129006661881999,3.038369325814185e-11
ENSG00000059588.8,0.3127868923470733,3.091310657956983e-11
ENSG00000099377.12,0.3127866256047293,3.091435829588483e-11
ENSG00000008952.15,0.31260327163571294,3.178656435444016e-11
ENSG00000103152.10,0.31253206328438266,3.213172974680743e-11
ENSG00000119681.10,0.3123876861240046,3.284281884972274e-11
ENSG00000035664.10,0.312226552427269,3.365456420535706e-11
ENSG00000009765.13,0.3120762946696406,3.442912896534002e-11
ENSG00000113643.7,0.3120472928418694,3.4580619439705794e-11
ENSG00000005884.16,0.31187200965007056,3.551014020894639e-11
ENSG00000112280.14,0.3118114557894085,3.5836882762214286e-11
ENSG00000117481.9,0.3116339002122913,3.68119477033922e-11
ENSG00000011007.11,0.31159908169732015,3.700616838639628e-11
ENSG00000084676.14,0.31157570674071206,3.713711610679164e-11
ENSG00000104892.15,0.31156492698181465,3.7197657002345835e-11
ENSG00000082805.18,0.31150612415910006,3.7529601454407625e-11
ENSG00000088970.14,0.3114765646750894,3.7697555186390366e-11
ENSG00000065308.4,0.31144790140295464,3.7861116554941175e-11
ENSG00000091140.11,0.31141322995615706,3.8059887323585794e-11
ENSG00000082512.13,0.3112574051523122,3.896586291286363e-11
ENSG00000086159.11,0.31120739844236583,3.926103696292167e-11
ENSG00000100027.13,0.31120208673916067,3.929251808876434e-11
ENSG00000117971.10,0.3111573579039156,3.9558592740077026e-11
ENSG00000082458.10,0.3111112160291183,3.983491378026305e-11
ENSG00000091527.14,0.310895361437399,4.115275541695753e-11
ENSG00000112852.6,0.31088364835025983,4.122546958283525e-11
ENSG00000039123.14,0.31087642455680753,4.127037691067222e-11
ENSG00000110090.11,0.3108216489635558,4.161244955266377e-11
ENSG00000113558.17,0.31079363757781603,4.178844690910813e-11
ENSG00000109927.8,0.31078957417283065,4.18140377484415e-11
ENSG00000048544.5,0.31065261599436006,4.2685577576171314e-11
ENSG00000106404.12,0.3106136972664227,4.2936453517976445e-11
ENSG00000100427.14,0.3105907926868513,4.308477123960542e-11
ENSG00000075151.18,0.31049175674133817,4.373184449281899e-11
ENSG00000113649.10,0.3104861529039935,4.376874026758163e-11
ENSG00000102763.14,0.3104854681577323,4.377325073061688e-11
ENSG00000092871.15,0.31043876933353315,4.40819302465977e-11
ENSG00000106789.11,0.3104179394221913,4.4220299552173556e-11
ENSG00000113811.9,0.3103626016531701,4.458995828774809e-11
ENSG00000112812.14,0.3103406450717974,4.47374625531574e-11
ENSG00000100330.14,0.3102067015608282,4.564765199024081e-11
ENSG00000119004.13,0.31015165804618655,4.6026902074102713e-11
ENSG00000065882.14,0.3101506297125981,4.6034016447029444e-11
ENSG00000054282.14,0.30987440714315434,4.798435458920948e-11
ENSG00000106633.14,0.30986186461660786,4.807480020728711e-11
ENSG00000105497.6,0.3098588477845338,4.809657971723273e-11
ENSG00000087053.17,0.3098466565885512,4.818469001570311e-11
ENSG00000111716.11,0.30974495267787827,4.8925899898847176e-11
ENSG00000099337.4,0.3097167133472712,4.913366982369301e-11
ENSG00000115363.12,0.3096766273934061,4.9430078632311676e-11
ENSG00000011638.9,0.30962048315932006,4.9848159990911087e-11
ENSG00000112159.10,0.3095817892272532,5.01383011139887e-11
ENSG00000089163.4,0.30946227016633165,5.104493284116354e-11
ENSG00000111666.9,0.30939065995563386,5.159577936391958e-11
ENSG00000100209.8,0.3092918786899107,5.236515306663187e-11
ENSG00000105717.12,0.30927936350185603,5.2463424258381624e-11
ENSG00000103426.11,0.30904548881636135,5.433326186386656e-11
ENSG00000105982.15,0.3090283554789098,5.447276890658145e-11
ENSG00000099365.8,0.30901529806764844,5.4579322381355365e-11
ENSG00000066629.15,0.30893727564145274,5.522026210231545e-11
ENSG00000088320.3,0.308933895692419,5.5248192918320064e-11
ENSG00000108958.4,0.3089233556456754,5.533538094561997e-11
ENSG00000116133.10,0.30883804655473335,5.604601700831945e-11
ENSG00000109320.10,0.3087592087113239,5.6710650815962245e-11
ENSG00000116157.5,0.3087334526177985,5.6929444971445506e-11
ENSG00000083807.8,0.30864970681204207,5.7646555115296955e-11
ENSG00000104312.7,0.30862402726866467,5.786820589371766e-11
ENSG00000119801.11,0.30858296998913,5.822431517313903e-11
ENSG00000012171.16,0.30847561313086264,5.916559703005232e-11
ENSG00000010244.15,0.3084642100943946,5.92664434659069e-11
ENSG00000102038.14,0.30845651237852745,5.933461540516084e-11
ENSG00000117407.15,0.30843136462765963,5.955786017715929e-11
ENSG00000114999.7,0.3083664930800202,6.0137532654774e-11
ENSG00000113621.13,0.3081726827779314,6.19023111536786e-11
ENSG00000105388.13,0.3081627667164277,7.806544022619793e-11
ENSG00000066027.10,0.30807158044557953,6.284284928058138e-11
ENSG00000105649.8,0.3080041542720643,6.347783011653315e-11
ENSG00000113456.17,0.30800059398670027,6.351153207422247e-11
ENSG00000026559.12,0.30799467239275774,6.356762500330961e-11
ENSG00000038219.11,0.30793243742577475,6.416008039777785e-11
ENSG00000115461.4,0.3078295196644921,6.515165006708124e-11
ENSG00000105668.6,0.3078252010014019,6.519358344294517e-11
ENSG00000105708.8,0.30780490555976137,6.539100074804263e-11
ENSG00000106052.12,0.30773803925508886,6.604555159207512e-11
ENSG00000013561.16,0.3075012702589086,6.841500781969224e-11
ENSG00000075461.5,0.3074105600360607,6.934456487760527e-11
ENSG00000100216.5,0.30729197053082685,7.057839815204743e-11
ENSG00000118200.13,0.30728986572797584,7.060048910125686e-11
ENSG00000110871.13,0.30726909540102143,7.081884562062324e-11
ENSG00000073921.16,0.30708306861842116,7.280409877845687e-11
ENSG00000095485.15,0.3069748403227087,7.398394187382104e-11
ENSG00000115827.12,0.3069474977949628,7.428495029140511e-11
ENSG00000108395.12,0.3068803445762112,7.502930038515433e-11
ENSG00000112146.15,0.306845457121062,7.541886901744636e-11
ENSG00000117751.16,0.3068101596707219,7.58150215525736e-11
ENSG00000095713.12,0.30680821436502403,7.583691308285335e-11
ENSG00000087085.12,0.3067779827696772,7.61779175874319e-11
ENSG00000078070.10,0.3067273023913364,7.675293382289876e-11
ENSG00000112357.11,0.3067249548038502,7.677967163927259e-11
ENSG00000106785.13,0.3067166736063702,7.68740627266675e-11
ENSG00000092036.15,0.3066869033839438,7.721432573409403e-11
ENSG00000035928.13,0.3066755767085384,7.734417061840364e-11
ENSG00000115365.10,0.3063763819625551,8.085211682218733e-11
ENSG00000102743.13,0.30636956384470054,8.093383657382825e-11
ENSG00000005469.10,0.30627205254123674,8.21114191509264e-11
ENSG00000106588.9,0.30617168559186303,8.334091867337808e-11
ENSG00000084710.12,0.30611535929807004,8.403875722704341e-11
ENSG00000081277.10,0.30586551568743564,8.720337016286594e-11
ENSG00000116990.10,0.30584631131704804,8.745136890485966e-11
ENSG00000040275.15,0.3057981467775706,8.807637623801169e-11
ENSG00000090612.19,0.3057879757796528,8.820891570269386e-11
ENSG00000076043.8,0.3057310205701101,8.895470426436784e-11
ENSG00000112378.11,0.3055935217050584,9.078056377705054e-11
ENSG00000102755.9,0.30556179547755796,9.120701528070767e-11
ENSG00000014123.9,0.3054047077409695,9.334744922146078e-11
ENSG00000102805.12,0.305344158469422,9.418547698351011e-11
ENSG00000104081.12,0.30532385671066004,9.446809932382735e-11
ENSG00000118058.19,0.30521295659577097,9.602659279875343e-11
ENSG00000072133.9,0.3051977879318017,9.624169781334213e-11
ENSG00000013441.14,0.3050231464204544,9.875233407751884e-11
ENSG00000077721.14,0.3047261776830997,1.031687775258291e-10
ENSG00000107147.10,0.3046581987908969,1.0420648594345972e-10
ENSG00000105976.13,0.3045971578241396,1.0514694494770137e-10
ENSG00000037637.9,0.3045429690410477,1.0598875641308903e-10
ENSG00000078403.15,0.3044692737435947,1.0714414045248889e-10
ENSG00000113368.10,0.30444256999246605,1.0756581875689685e-10
ENSG00000114654.7,0.3043270100310559,1.094093337492025e-10
ENSG00000013503.8,0.30430539932511325,1.097574863973027e-10
ENSG00000096717.10,0.30422514523219335,1.1105986550461376e-10
ENSG00000102572.13,0.3041456357620035,1.1236500026928384e-10
ENSG00000106086.17,0.3041177277980784,1.1282663755994833e-10
ENSG00000116977.17,0.30408380733191087,1.133902178647249e-10
ENSG00000111644.6,0.3040766379425132,1.1350968608153997e-10
ENSG00000115758.11,0.30402209812424663,1.1442254147836359e-10
ENSG00000100722.17,0.30397586225232875,1.1520200753827685e-10
ENSG00000119509.11,0.3039653235715008,1.1538039604057547e-10
ENSG00000047315.13,0.30392723368416824,1.160273908839623e-10
ENSG00000116954.7,0.30383300115033207,1.1764324774200912e-10
ENSG00000108244.15,0.3037864424361224,1.184496849274954e-10
ENSG00000085563.13,0.303731601385003,1.1940648718541887e-10
ENSG00000028137.15,0.30368868849386954,1.2016042685962866e-10
ENSG00000072803.16,0.30358442958418536,1.2201152798754869e-10
ENSG00000119640.7,0.30355873864302907,1.2247191486111825e-10
ENSG00000111605.15,0.3035555041791504,1.2252999689256362e-10
ENSG00000109762.14,0.30352802869668855,1.2302446372454162e-10
ENSG00000058056.7,0.3035090442863922,1.2336725444827563e-10
ENSG00000005073.5,0.3034776565806827,1.2393604598725583e-10
ENSG00000119844.13,0.30344679357187077,1.244978193897735e-10
ENSG00000104728.14,0.30338580303588947,1.256152814294355e-10
ENSG00000109323.7,0.30320320893468194,1.290194695194848e-10
ENSG00000108960.6,0.30309400567276784,1.3109815787332295e-10
ENSG00000005381.7,0.30307329008830297,1.3149614380609135e-10
ENSG00000072201.12,0.3029640273852145,1.336148378817276e-10
ENSG00000111142.12,0.302824284460095,1.3637306775081128e-10
ENSG00000114302.14,0.3027664001037528,1.3753175402892698e-10
ENSG00000108854.14,0.3027406336413656,1.3805060651446662e-10
ENSG00000114480.11,0.302621197077385,1.4048067235722825e-10
ENSG00000066583.10,0.30260874544009797,1.4073639925951767e-10
ENSG00000070950.8,0.3025670370073696,1.4159629772676705e-10
ENSG00000079112.8,0.3025638950340833,1.7557113324492792e-10
ENSG00000100156.9,0.3025202038405093,1.425679509430602e-10
ENSG00000111358.12,0.30239362739572184,1.452266509650047e-10
ENSG00000110375.2,0.30231640221514633,1.4687239207508168e-10
ENSG00000058673.14,0.30219097264535955,1.4958419284642932e-10
ENSG00000035115.20,0.3020094008781321,1.53596353477987e-10
ENSG00000101898.5,0.301994031499273,1.5394073839816436e-10
ENSG00000107560.9,0.301978306115795,1.5429387857819565e-10
ENSG00000055163.17,0.30196411083315045,1.5461333510136102e-10
ENSG00000111684.9,0.3019256730018862,1.5548159254581909e-10
ENSG00000096696.12,0.30192533071358213,1.5548934565267094e-10
ENSG00000116032.5,0.3018008897197927,1.583331249638922e-10
ENSG00000086065.12,0.3016905250835515,1.6089755252480271e-10
ENSG00000117013.13,0.3016595836227729,1.616237358733041e-10
ENSG00000101463.5,0.3016204754656729,1.6254615536397615e-10
ENSG00000114520.9,0.30142373465160466,1.6726486902797945e-10
ENSG00000004455.15,0.3012566963433526,1.7137565547788645e-10
ENSG00000115163.13,0.30096369102280146,1.788253080398225e-10
ENSG00000087266.14,0.3009524196365196,1.7911809192622728e-10
ENSG00000116237.14,0.30094884828530893,1.7921095815224936e-10
ENSG00000107651.11,0.30090621857276656,1.8032308885569475e-10
ENSG00000112406.4,0.3008772460661266,1.810827603350385e-10
ENSG00000107863.15,0.30085599983967287,1.8164182479172887e-10
ENSG00000115514.10,0.3007790507888932,1.836807296467682e-10
ENSG00000112335.13,0.3007159754294335,1.853686282158694e-10
ENSG00000116039.10,0.3006994919964058,1.858122082342516e-10
ENSG00000100994.10,0.3006584463696309,1.8692126836442687e-10
ENSG00000080819.5,0.3005713276361599,1.8929662941170392e-10
ENSG00000116883.8,0.30051644375725184,1.908081428206616e-10
ENSG00000071994.9,0.30050844785150477,1.9102933001697346e-10
ENSG00000083168.8,0.30036943143722594,1.949150141586007e-10
ENSG00000083099.9,0.30027609958758783,1.9756681384609897e-10
ENSG00000091483.6,0.30016962624868776,2.00634895115205e-10
ENSG00000079387.12,0.3001076385777024,2.0244240991736875e-10
ENSG00000101654.16,0.29994770957274114,2.0717934109769314e-10
ENSG00000106123.10,0.2999224762380028,2.0793651450768973e-10
ENSG00000107281.8,0.29980728812843765,2.1142730184426047e-10
ENSG00000117632.19,0.29972934904757176,2.1382154160000641e-10
ENSG00000116574.5,0.29959935905565455,2.1787359108035745e-10
ENSG00000120049.17,0.29949791187867697,2.21087739078225e-10
ENSG00000051620.9,0.29949422774841156,2.212053275659898e-10
ENSG00000118762.6,0.29931520233696196,2.2699332550105097e-10
ENSG00000119684.14,0.29923954963934773,2.2948329150438016e-10
ENSG00000006015.16,0.2992341461835359,2.296621497567846e-10
ENSG00000000460.15,0.2992267812963537,2.2990615130998117e-10
ENSG00000100519.10,0.29915748577749296,2.3221432901170233e-10
ENSG00000099974.7,0.2991471845404093,2.325593749330717e-10
ENSG00000006047.11,0.29908751083040797,2.345680206222546e-10
ENSG00000067560.9,0.29903190704868793,2.9019509992667476e-10
ENSG00000068878.13,0.29902697561317665,2.3662291528204684e-10
ENSG00000012048.18,0.2989019492819684,2.409226026479169e-10
ENSG00000099194.5,0.29879989968344395,2.4448839313874166e-10
ENSG00000082898.15,0.2986483078171079,2.498802764269165e-10
ENSG00000081386.11,0.29860413086148,2.5147323944615256e-10
ENSG00000110628.12,0.29849726281985034,2.5536774317810477e-10
ENSG00000012983.10,0.2984934173075691,2.555089705483345e-10
ENSG00000080839.10,0.2984675613421241,2.5646051281508563e-10
ENSG00000101966.11,0.29841613144433166,2.583634814030209e-10
ENSG00000118292.7,0.2983745424099237,2.5991236907766445e-10
ENSG00000091262.13,0.2982921896856323,2.630061153812086e-10
ENSG00000100664.9,0.29826738057364927,2.639451236127011e-10
ENSG00000119927.12,0.2982444859679886,2.648145632554721e-10
ENSG00000108506.10,0.29808791066570284,2.7083578495701045e-10
ENSG00000075218.17,0.29804092553125433,2.726684782876279e-10
ENSG00000005471.14,0.297905864607467,2.780041035549304e-10
ENSG00000108846.14,0.2977224065593997,2.854146852528004e-10
ENSG00000103404.13,0.29744198423329804,2.9711488172319035e-10
ENSG00000119950.19,0.29742814003350565,2.9770444089211977e-10
ENSG00000087448.8,0.2973439929692709,3.0131243090523176e-10
ENSG00000075188.7,0.29728944362818854,3.0367404735922175e-10
ENSG00000048028.10,0.2972427580803752,3.05709510188463e-10
ENSG00000025800.12,0.2971898261715264,3.080333709361388e-10
ENSG00000017483.13,0.29705343788565053,3.141006898537789e-10
ENSG00000002746.13,0.29699955219992935,3.1652973893030727e-10
ENSG00000087338.4,0.2968506077266101,3.2333930136990625e-10
ENSG00000100285.9,0.296814850645363,3.249951686016925e-10
ENSG00000073146.14,0.2966365374981967,3.333765748964455e-10
ENSG00000058668.13,0.29663581439393966,3.3341098801888243e-10
ENSG00000102317.16,0.2964850043175672,3.406642025876239e-10
ENSG00000023041.10,0.29639768657161175,3.449336847372292e-10
ENSG00000033030.12,0.2963928932160621,3.451695615478909e-10
ENSG00000094804.8,0.29634159981754754,3.4770350962823104e-10
ENSG00000034510.5,0.2962256626402779,3.5349779281002456e-10
ENSG00000092847.9,0.29612700066675496,3.585025951834664e-10
ENSG00000022267.15,0.29605465130507996,3.6221638502999604e-10
ENSG00000101310.13,0.29603264958152037,3.633531657285113e-10
ENSG00000114030.11,0.29595277276294585,3.67509472502271e-10
ENSG00000089063.13,0.29590666195536997,3.6992981823173974e-10
ENSG00000100068.10,0.29574467847027985,3.785558329108628e-10
ENSG00000116771.5,0.29565599593109565,3.8336095628870234e-10
ENSG00000009844.14,0.2956460899668801,3.839013650260625e-10
ENSG00000115392.10,0.2955342314130366,3.900553469531298e-10
ENSG00000112599.8,0.2955052310751109,3.916664220194e-10
ENSG00000090060.16,0.29547782498422315,3.9319487886677697e-10
ENSG00000109686.15,0.2954746663730064,3.9337140927592335e-10
ENSG00000119953.11,0.2954572484585842,3.9434625806325924e-10
ENSG00000109390.10,0.2954194029998032,3.964725063823036e-10
ENSG00000116752.5,0.29539584070138675,3.9780192115330126e-10
ENSG00000081181.6,0.29536666799946143,3.994538908299173e-10
ENSG00000082213.16,0.2953204409924158,4.02085272969866e-10
ENSG00000075407.16,0.2953160601953653,4.0233551417224647e-10
ENSG00000010256.9,0.29517701013119374,4.103575661641682e-10
ENSG00000061676.13,0.2951351068194429,4.128054034649922e-10
ENSG00000088387.16,0.2951160459235105,4.1392356509432145e-10
ENSG00000100567.11,0.2949918962079515,4.212789299067556e-10
ENSG00000056972.17,0.2949604170286549,4.2316405436414015e-10
ENSG00000113971.17,0.29479383052110647,4.332774670264189e-10
ENSG00000119147.8,0.2947793405758497,4.341681781224913e-10
ENSG00000053254.14,0.2947604376222925,4.353328387619847e-10
ENSG00000074800.12,0.2947311812686674,4.3714139304671484e-10
ENSG00000115520.7,0.29468774277599574,4.3984013900109525e-10
ENSG00000106462.9,0.2944306271017086,4.561491864797942e-10
ENSG00000116035.2,0.29435033750213124,4.613614550194577e-10
ENSG00000087245.11,0.2943353738879291,4.6233925143692134e-10
ENSG00000060069.15,0.2942518386814734,4.678349976359332e-10
ENSG00000111981.4,0.2942406383416309,4.685766766352131e-10
ENSG00000112290.11,0.2941847136446306,4.722971161753036e-10
ENSG00000100053.8,0.2941736052181105,4.730395264535449e-10
ENSG00000075275.15,0.2940054684799866,4.84416188814996e-10
ENSG00000102230.12,0.2939891426540224,4.855349138187997e-10
ENSG00000089916.16,0.29397591932589356,4.864428819817421e-10
ENSG00000054356.12,0.293776121902738,5.003644289038611e-10
ENSG00000081913.12,0.29361966017835933,5.11536199510494e-10
ENSG00000069275.12,0.2934023313820349,5.274573530715857e-10
ENSG00000117523.14,0.29336136042035865,5.305123349293469e-10
ENSG00000105483.15,0.2933213466810923,5.33512546561534e-10
ENSG00000072310.15,0.29325143434152,5.387941854597089e-10
ENSG00000100281.12,0.29324733343093184,5.391055689209199e-10
ENSG00000089250.17,0.2932441778732701,5.393452905551777e-10
ENSG00000048649.12,0.2932112386741857,5.41853814337239e-10
ENSG00000064933.15,0.2932087464064273,5.420440769462661e-10
ENSG00000117724.11,0.29319178096361753,5.433409658742618e-10
ENSG00000060718.17,0.2930878358892872,5.513529625043645e-10
ENSG00000118526.6,0.29301670743170183,5.569015616462347e-10
ENSG00000113569.14,0.29297856542936795,5.598992741633146e-10
ENSG00000112041.11,0.2929568809429359,5.616105229731305e-10
ENSG00000078804.11,0.2929518022473105,5.620120467823234e-10
ENSG00000104064.15,0.2928679574549322,5.686813350359329e-10
ENSG00000119787.12,0.29286386109100815,5.690091372965454e-10
ENSG00000100038.18,0.29286073459480383,5.692594517066471e-10
ENSG00000069966.17,0.29281707071117424,5.727664910958625e-10
ENSG00000117543.18,0.2928140270880917,5.730117335477993e-10
ENSG00000011332.18,0.292755654891317,5.777349262283152e-10
ENSG00000029639.9,0.29233152374431765,6.132087120716398e-10
ENSG00000078304.18,0.2923228241347164,6.139580574307652e-10
ENSG00000102409.9,0.29228246505501737,6.174460691956607e-10
ENSG00000075415.11,0.29207758128434513,6.354523225902442e-10
ENSG00000047932.12,0.2920659703656989,6.364878936442643e-10
ENSG00000004766.14,0.2919427386927785,6.47580467427858e-10
ENSG00000109685.16,0.29186564862248493,6.546149721033727e-10
ENSG00000101441.4,0.29171696794512053,6.683925605818163e-10
ENSG00000119689.13,0.2915739984734637,6.819065621003814e-10
ENSG00000112183.13,0.2915423419741304,6.849345735963471e-10
ENSG00000054690.12,0.29153849327361797,6.853035999693365e-10
ENSG00000056277.14,0.2915309808886924,6.860244696709286e-10
ENSG00000113048.15,0.2914556565500242,6.932932759205846e-10
ENSG00000100632.9,0.29142696339975316,6.960818136249016e-10
ENSG00000118579.10,0.2913203792744919,7.065359605323533e-10
ENSG00000079332.13,0.29111878244777367,7.267282183331621e-10
ENSG00000119938.8,0.29110782059950424,7.278421074618826e-10
ENSG00000092529.21,0.290946995828908,7.443763719569598e-10
ENSG00000112425.12,0.2909246532228052,7.467020876537729e-10
ENSG00000005801.15,0.29092007870268505,7.47179134934926e-10
ENSG00000083535.14,0.29080610351001057,7.591609752725073e-10
ENSG00000084070.10,0.2908010919885013,7.596920843824192e-10
ENSG00000107186.15,0.2907874747653036,7.611370298409692e-10
ENSG00000021574.10,0.29071382605552165,7.689984281744994e-10
ENSG00000105409.14,0.29069121853344304,7.714273881037208e-10
ENSG00000088930.7,0.2905619145435653,7.854638134288276e-10
ENSG00000008282.6,0.29039536205566496,8.039099206558787e-10
ENSG00000072840.11,0.2903433469559956,8.097565138366569e-10
ENSG00000050628.19,0.2902429073585072,8.211632830322874e-10
ENSG00000116661.9,0.2901817858428649,8.281810319994954e-10
ENSG00000080815.17,0.29017435011823767,8.290387413855474e-10
ENSG00000115993.10,0.290080097825778,8.399858361584311e-10
ENSG00000085063.13,0.2900676226495476,8.41445273567791e-10
ENSG00000110395.4,0.2900465023074277,8.439217055294853e-10
ENSG00000085788.12,0.2899472722656057,8.556519029966077e-10
ENSG00000117682.15,0.28981412073886514,8.716412771472673e-10
ENSG00000105854.11,0.2897002597620123,8.855441713606045e-10
ENSG00000117305.13,0.28949857365768705,9.107016398130977e-10
ENSG00000115306.14,0.2894953472067127,9.111096846059054e-10
ENSG00000101850.11,0.2894833727267883,9.126256344207039e-10
ENSG00000103707.8,0.2892976795442192,9.364502020091796e-10
ENSG00000118873.14,0.28924827808918774,9.42889548074655e-10
ENSG00000053900.9,0.2891580088612928,9.547672202220035e-10
ENSG00000021776.9,0.28909617856389663,9.62986651207676e-10
ENSG00000000457.12,0.28909609437804334,9.629978892183755e-10
ENSG00000083290.18,0.2890690521346143,9.666143745255412e-10
ENSG00000112031.14,0.2890574279673868,9.681729812221916e-10
ENSG00000100916.12,0.288902743995366,9.891474335703718e-10
ENSG00000086967.9,0.2888195996828204,1.0006031952758233e-9
ENSG00000084073.7,0.2888126751147545,1.0015630680805225e-9
ENSG00000108306.10,0.28875419471555736,1.0097052947004885e-9
ENSG00000072756.15,0.2886619416256874,1.022680614061209e-9
ENSG00000112282.16,0.28859173921463604,1.0326629354144822e-9
ENSG00000065060.15,0.2885502346726146,1.0386090727094485e-9
ENSG00000117448.12,0.2884594220869993,1.0517355708063285e-9
ENSG00000117318.8,0.2884349061480725,1.055306767527858e-9
ENSG00000115109.12,0.28842966309666485,1.0560720421252816e-9
ENSG00000070018.7,0.28836643337156354,1.0653436060519953e-9
ENSG00000006607.12,0.2883185126576988,1.0724229981407273e-9
ENSG00000104331.7,0.28827929598960766,1.0782505191011286e-9
ENSG00000117748.8,0.2881145651477399,1.1030670445404488e-9
ENSG00000104518.9,0.2880147412784255,1.1183744917693014e-9
ENSG00000023330.13,0.2880114552502292,1.1188818789228535e-9
ENSG00000106299.7,0.2879946569760652,1.1214791530517642e-9
ENSG00000113240.11,0.2879609871058248,1.1267026863556956e-9
ENSG00000107672.13,0.2878519162517038,1.1437867246150575e-9
ENSG00000116731.21,0.2877919204842738,1.1532910250198165e-9
ENSG00000113296.13,0.28778623424277633,1.1541957879499115e-9
ENSG00000119396.9,0.2877034351136253,1.1674487078398393e-9
ENSG00000092208.15,0.2876382040508215,1.1779936642970392e-9
ENSG00000005436.12,0.2872583172390182,1.241267853042909e-9
ENSG00000092148.11,0.28718995707131784,1.2529992224399602e-9
ENSG00000100592.14,0.28706415372310934,1.2748705961972885e-9
ENSG00000017260.18,0.28700992696887634,1.2844120828383647e-9
ENSG00000111669.13,0.28694296060480706,1.541193664195705e-9
ENSG00000082153.16,0.2868415974364239,1.3144745279383758e-9
ENSG00000023228.12,0.2863084641467314,1.4142677354344628e-9
ENSG00000036530.7,0.28630557878671825,1.4148273453241504e-9
ENSG00000118156.11,0.28629750644491886,1.416394102874193e-9
ENSG00000078747.11,0.28625216182633806,1.4252263900560687e-9
ENSG00000112701.16,0.2861759679515488,1.4401881373846009e-9
ENSG00000103966.8,0.2861735483784428,1.4406657452163296e-9
ENSG00000119042.15,0.28614523100338707,1.4462668571218986e-9
ENSG00000115137.10,0.28610672679848836,1.4539168427999432e-9
ENSG00000108370.14,0.2860035513210714,1.4746099229599616e-9
ENSG00000100387.8,0.28593203354594915,1.4891212272192184e-9
ENSG00000008086.9,0.2858992207183156,1.495825432196148e-9
ENSG00000110169.9,0.285889372456869,1.4978433082952537e-9
ENSG00000101197.11,0.28583714786395487,1.5085882143574606e-9
ENSG00000104497.12,0.2857541868709602,1.525811036286296e-9
ENSG00000111490.11,0.28572866380189793,1.5311479656439646e-9
ENSG00000113657.11,0.28572108397412893,1.5327364125367956e-9
ENSG00000100030.13,0.2856625011981331,1.5450672588806231e-9
ENSG00000093167.16,0.28558335226243486,1.561880098910751e-9
ENSG00000080561.12,0.28556614434156696,1.5655588535344757e-9
ENSG00000081377.15,0.28542729173807785,1.595552608958068e-9
ENSG00000118482.10,0.28533180602687297,1.6165016565037573e-9
ENSG00000018408.13,0.28529881008672675,1.6238026944702868e-9
ENSG00000118407.13,0.2852095308883586,1.643718483022517e-9
ENSG00000077063.9,0.2852081504009403,1.6440282871938342e-9
ENSG00000106327.11,0.28517388526444476,1.6517361454309779e-9
ENSG00000104218.12,0.2851338846243674,1.660778590347138e-9
ENSG00000112144.14,0.28502180497488067,1.686371831134873e-9
ENSG00000080854.13,0.28501552896620086,1.6878162162837926e-9
ENSG00000102886.13,0.28498812002781737,1.694138308074645e-9
ENSG00000104164.9,0.284945921482775,1.7039167191892496e-9
ENSG00000057019.14,0.2849128402648257,1.711620728908925e-9
ENSG00000108256.7,0.284868057956553,1.7221036123793489e-9
ENSG00000109270.11,0.28486420303047877,1.7230089027950717e-9
ENSG00000089091.15,0.28482544482417116,1.7321365931695781e-9
ENSG00000066777.7,0.28459332213941635,1.7877929493821424e-9
ENSG00000103490.13,0.28449148704179356,1.812754510867485e-9
ENSG00000008513.13,0.2844757700011257,1.816637052935774e-9
ENSG00000088727.11,0.28447053019039853,1.8179332241948395e-9
ENSG00000118690.11,0.2843761340554953,1.8414383680845226e-9
ENSG00000056050.6,0.28428516791002806,1.8643684689777643e-9
ENSG00000112367.9,0.28417769401070875,1.8918171045718505e-9
ENSG00000008735.13,0.28410888794597594,1.9095956219583456e-9
ENSG00000108559.10,0.2840891364692312,1.914729019701714e-9
ENSG00000113575.8,0.28408711475567844,1.915255217158738e-9
ENSG00000000003.13,0.2839526272865845,1.9505757625710087e-9
ENSG00000109321.9,0.28381726133313046,1.986765301745838e-9
ENSG00000112739.15,0.2837721455772045,1.9989710115427348e-9
ENSG00000038002.7,0.28372326997918906,2.012276066203649e-9
ENSG00000006555.9,0.28368571521428676,2.0225577009190065e-9
ENSG00000001629.8,0.2836684802750176,2.0272932886789296e-9
ENSG00000108946.13,0.2836420163992148,2.0345856411523367e-9
ENSG00000106733.19,0.2835454821884947,2.0614029790675627e-9
ENSG00000114812.11,0.28352164813697084,2.068076747664234e-9
ENSG00000114120.10,0.28341667697745854,2.097720162248061e-9
ENSG00000070759.15,0.2833251384186136,2.1239066152044694e-9
ENSG00000103479.13,0.28313865545467864,2.17823917851054e-9
ENSG00000085224.19,0.28308208596457785,2.1949859724572295e-9
ENSG00000114023.14,0.2829579610383658,2.2321709716086146e-9
ENSG00000117308.13,0.28286503440262023,2.2604091977919433e-9
ENSG00000103154.8,0.2827610827837956,2.292408596310623e-9
ENSG00000058799.12,0.28270478372819285,2.3099222266244013e-9
ENSG00000100902.9,0.28264449815974746,2.328819973919644e-9
ENSG00000106927.10,0.28264416870744663,2.3289236586293568e-9
ENSG00000071243.14,0.2825989483454582,2.343197936411868e-9
ENSG00000110148.8,0.28238975408553546,2.4103448814891377e-9
ENSG00000068912.12,0.28214319772497237,2.491883734686688e-9
ENSG00000090932.9,0.28207102601599665,2.516253967575506e-9
ENSG00000100031.17,0.2820298795067482,2.5302512803969846e-9
ENSG00000091009.7,0.281996191398058,2.5417676132722983e-9
ENSG00000112494.8,0.281785506274567,2.6149530764088446e-9
ENSG00000110075.13,0.28173442385134845,2.6330032112288834e-9
ENSG00000115641.17,0.28170479136460297,2.6435292967230715e-9
ENSG00000032219.17,0.2813900776523892,2.757872556743208e-9
ENSG00000086189.8,0.2812848571692956,2.7971614829871244e-9
ENSG00000119048.6,0.2812410515216732,2.813677991803888e-9
ENSG00000089682.15,0.28114990714786414,2.8483469748918907e-9
ENSG00000100300.16,0.2806523679950178,3.0450295567018393e-9
ENSG00000114098.16,0.2805830180859801,3.073469767877666e-9
ENSG00000023287.11,0.2805534965393802,3.085654529707326e-9
ENSG00000034693.13,0.28048874759346537,3.1125434484600006e-9
ENSG00000089876.10,0.28033219444823654,3.1784995257688797e-9
ENSG00000112293.13,0.28024767747885604,3.2146682221566757e-9
ENSG00000085433.14,0.28019125890737034,3.2390342275573954e-9
ENSG00000118729.11,0.28018691406269736,3.2409180882358735e-9
ENSG00000006432.14,0.28011925013243366,3.270393717174428e-9
ENSG00000065328.15,0.28004304498074856,3.3039014799095285e-9
ENSG00000054967.11,0.2800360275490728,3.3070037715643453e-9
ENSG00000066654.11,0.2800157272125964,3.315994138988106e-9
ENSG00000100197.19,0.2800101064447902,3.3184875852482692e-9
ENSG00000104419.13,0.28000455343989616,3.3209527571559997e-9
ENSG00000100060.16,0.2799526786176904,3.344067778241745e-9
ENSG00000076344.14,0.2797623650076876,3.4302142852772025e-9
ENSG00000047662.4,0.2796525340801673,3.4809055306110808e-9
ENSG00000088280.17,0.27960532220255413,3.5029182939568372e-9
ENSG00000102924.10,0.27943478517772247,3.583562485516116e-9
ENSG00000007402.10,0.2792183360989763,3.688514494608743e-9
ENSG00000117625.12,0.2792154014383056,3.689957741323912e-9
ENSG00000006695.9,0.2791181988495177,3.738072099446344e-9
ENSG00000077157.19,0.27884161952825354,3.878329282809668e-9
ENSG00000099251.13,0.2786034727838353,4.003175357948414e-9
ENSG00000119326.13,0.27859608299438476,4.007111076863897e-9
ENSG00000099624.6,0.2784997385293805,4.0587677386130885e-9
ENSG00000118094.10,0.2784977061629727,4.059864350979764e-9
ENSG00000011258.14,0.2784700313540552,4.074825590863072e-9
ENSG00000051382.7,0.27844482542190635,4.088498655275018e-9
ENSG00000100372.13,0.2784360439092368,4.093272667416765e-9
ENSG00000047648.20,0.27835817326872503,4.135843742524411e-9
ENSG00000016402.11,0.27829243037430346,4.172118725008423e-9
ENSG00000115091.10,0.2782847876031347,4.1763557471080034e-9
ENSG00000087470.16,0.27818986416869634,4.2293287184849124e-9
ENSG00000100376.10,0.2780873486812501,4.2872703534890105e-9
ENSG00000064703.10,0.27807136369205815,4.29637415000371e-9
ENSG00000075035.8,0.2779533343730151,4.364177095033201e-9
ENSG00000011426.9,0.27793893098308986,4.372521947647699e-9
ENSG00000083520.13,0.277892067664137,4.399780237167912e-9
ENSG00000104067.15,0.27785850636317777,4.419402530447195e-9
ENSG00000092841.17,0.2778120884545555,4.4466816127502086e-9
ENSG00000048540.13,0.27774920492389793,4.483897859319305e-9
ENSG00000100767.14,0.2777435376090968,4.48726673486261e-9
ENSG00000075089.8,0.27759086516231835,4.578950597189567e-9
ENSG00000103089.7,0.2775595065374952,4.5980058909142956e-9
ENSG00000096063.13,0.2775264117894304,4.618199547411733e-9
ENSG00000027001.8,0.2775024968633617,4.632845385498344e-9
ENSG00000110958.14,0.2774860079703985,4.642969637744616e-9
ENSG00000109381.18,0.2774414004727592,4.670466481751833e-9
ENSG00000112796.8,0.2774370174163164,4.6731767789483345e-9
ENSG00000110429.12,0.2774290372872103,4.678115270773782e-9
ENSG00000049860.12,0.277411986647098,4.68868399932173e-9
ENSG00000008294.19,0.27737786532937986,4.709903446754514e-9
ENSG00000028839.8,0.2773529420593829,4.725461609122608e-9
ENSG00000095261.12,0.2772545510732141,4.787369561999237e-9
ENSG00000081087.13,0.2771254594625494,4.869788297195156e-9
ENSG00000117650.11,0.2769739299403089,4.968288554491435e-9
ENSG00000116260.15,0.27689944155535384,5.01741450307341e-9
ENSG00000102781.12,0.27687878853515957,5.031118593179946e-9
ENSG00000083857.12,0.27686508726663983,5.040229939347924e-9
ENSG00000113595.13,0.2767690834989045,5.1045227573278956e-9
ENSG00000109756.7,0.2765919808649062,5.225219321177918e-9
ENSG00000101290.12,0.27647418806949225,5.307023135581792e-9
ENSG00000111145.6,0.27645466493194554,5.3207008155350515e-9
ENSG00000100505.12,0.27637349703342895,5.377933399870641e-9
ENSG00000116016.12,0.27628897918330597,5.438162254656208e-9
ENSG00000115419.11,0.2762432831394754,5.470997856487323e-9
ENSG00000113593.10,0.2761898969999479,5.509602773793685e-9
ENSG00000104522.14,0.2761494175778698,5.5390504070812454e-9
ENSG00000074266.16,0.27612821757138095,5.554533633602684e-9
ENSG00000101489.17,0.276008317247231,5.642894544978517e-9
ENSG00000117399.12,0.2759912447420532,5.655586483401306e-9
ENSG00000115808.10,0.27595860129744976,5.679931161291136e-9
ENSG00000056586.14,0.2759531305720694,5.6840210202812716e-9
ENSG00000118513.17,0.2758978056853082,5.7255420886135875e-9
ENSG00000113391.15,0.2758283969312761,5.778049002179733e-9
ENSG00000052126.13,0.2758000536057758,5.799624356293646e-9
ENSG00000010818.7,0.27575845586646397,5.831430639776273e-9
ENSG00000110318.12,0.2757580588410119,5.831735024766724e-9
ENSG00000073910.18,0.2756559873014839,5.9105026642768944e-9
ENSG00000114124.2,0.27550289226975894,6.030581312157424e-9
ENSG00000070985.12,0.27543665093085873,6.083266936457175e-9
ENSG00000117906.12,0.2753225526328205,6.175063870763361e-9
ENSG00000104375.14,0.2752760855671032,6.212832104848875e-9
ENSG00000010072.14,0.27527400108105654,6.214531603076271e-9
ENSG00000081870.10,0.2752107743328403,6.266295534901259e-9
ENSG00000060656.18,0.27506574654639476,6.3866138349560725e-9
ENSG00000104442.8,0.2749776121689437,6.460822722350932e-9
ENSG00000006007.10,0.2749703278744551,6.466993330349936e-9
ENSG00000108953.15,0.27493837474190197,6.494128738698191e-9
ENSG00000080947.13,0.27471330284879397,6.688416216291051e-9
ENSG00000104231.9,0.2747112083769277,6.690250404812782e-9
ENSG00000101546.11,0.274597453400613,6.790604445675019e-9
ENSG00000114670.12,0.27451765375492587,6.861872319011855e-9
ENSG00000115750.15,0.2745095173828781,6.869179380776722e-9
ENSG00000007952.16,0.27437456697910423,6.991480248711104e-9
ENSG00000014914.18,0.27427047761519807,7.087251733499517e-9
ENSG00000111707.10,0.2742288337237304,7.125922828991597e-9
ENSG00000108448.19,0.27413608438038184,7.212787430581266e-9
ENSG00000107566.12,0.2741083544993002,7.238956559075118e-9
ENSG00000102144.12,0.2739496080451774,7.390548423737702e-9
ENSG00000083845.7,0.2739348887346862,7.4047591671591845e-9
ENSG00000115977.17,0.27392538650835574,7.41394714213161e-9
ENSG00000094975.12,0.2739222451507057,7.416987039918218e-9
ENSG00000006837.10,0.27382938704320353,7.50739353302321e-9
ENSG00000075426.10,0.2737575876301145,7.578028436513606e-9
ENSG00000107771.14,0.2735808220571651,7.754682334214634e-9
ENSG00000117242.7,0.2735603115971911,7.77543636118558e-9
ENSG00000106617.12,0.2735379908139487,7.798083363275525e-9
ENSG00000117139.15,0.27352956848050936,7.806645386695716e-9
ENSG00000111445.12,0.2734760679507466,7.861246344631929e-9
ENSG00000108423.13,0.2734252730356302,7.913428350416195e-9
ENSG00000092531.8,0.27342048126219676,7.918368263418608e-9
ENSG00000069869.14,0.27339718258629736,7.942429840370603e-9
ENSG00000105793.14,0.2731493057516011,8.202849373113228e-9
ENSG00000067057.15,0.27312232979063483,8.231684498689298e-9
ENSG00000117133.9,0.27308319380817503,8.273692359702439e-9
ENSG00000015475.17,0.2729692893972367,8.397140651794542e-9
ENSG00000101144.11,0.2729161662762631,8.455323297944616e-9
ENSG00000113790.9,0.2728213788373953,8.560110041859697e-9
ENSG00000075790.9,0.2728039582886072,8.579504692794692e-9
ENSG00000117600.11,0.2727959568348749,8.588427134640714e-9
ENSG00000005961.16,0.27279222916655194,8.59258693616574e-9
ENSG00000115364.12,0.2727918688792682,8.592989093497147e-9
ENSG00000093009.8,0.27269782751254457,8.698585205061294e-9
ENSG00000070019.4,0.27254800944158536,8.869412759221687e-9
ENSG00000005001.8,0.27247946826330177,8.948644990092772e-9
ENSG00000011566.13,0.2724697091279339,8.95998197109272e-9
ENSG00000105928.12,0.27244580153083053,8.987813744784618e-9
ENSG00000116539.9,0.2724425940069039,8.991554115219485e-9
ENSG00000100483.12,0.27227862437242856,9.184784977920477e-9
ENSG00000107020.8,0.2722703507235935,9.194640966830293e-9
ENSG00000077152.8,0.27222637023743174,9.247204966931398e-9
ENSG00000108091.10,0.2722085008618265,9.268644903127616e-9
ENSG00000105926.14,0.2719625806854219,9.568639797411785e-9
ENSG00000103121.7,0.2719464839377761,9.588600599674768e-9
ENSG00000100116.15,0.2719253264246311,9.614898369697086e-9
ENSG00000041880.13,0.27181597359848814,9.751936209122918e-9
ENSG00000114115.8,0.271800831596613,9.771060216519604e-9
ENSG00000107562.15,0.27176658634388434,9.814445271335107e-9
ENSG00000089177.16,0.27171230627456455,9.883594799409005e-9
ENSG00000092969.10,0.27168311438410575,9.920978400326238e-9
ENSG00000060688.11,0.2716734116493221,9.933434175556318e-9
ENSG00000073417.13,0.271515336007678,1.0138508264926881e-8
ENSG00000067992.11,0.27141203287536714,1.0274734216097073e-8
ENSG00000091656.14,0.2714033493742354,1.0286265588057954e-8
ENSG00000113361.11,0.2712508530559515,1.04908298492136e-8
ENSG00000006210.6,0.27122149935325196,1.0530655671924426e-8
ENSG00000106610.13,0.27119271677700185,1.0569848773099512e-8
ENSG00000102893.14,0.2711741794961905,1.0595165654895072e-8
ENSG00000070214.14,0.2710806157860755,1.072384713125019e-8
ENSG00000069122.17,0.2710669912906859,1.074271117552595e-8
ENSG00000088448.13,0.2709397525171852,1.0920440446814559e-8
ENSG00000092051.15,0.270897755723992,1.097972485221899e-8
ENSG00000004700.14,0.2708628821864436,1.102919053039645e-8
ENSG00000109606.11,0.27070579942806994,1.1254689651235049e-8
ENSG00000107738.18,0.2705398794959285,1.1497722048053738e-8
ENSG00000004779.8,0.2705304933419556,1.151162130079043e-8
ENSG00000058085.13,0.27048414297492557,1.158049698993414e-8
ENSG00000010438.15,0.2703780157834323,1.1739705994772652e-8
ENSG00000023572.7,0.27025760104950136,1.1922915793252595e-8
ENSG00000081014.9,0.27019243826583855,1.2023211647478658e-8
ENSG00000055147.16,0.2701412227256457,1.2102613370683571e-8
ENSG00000112936.17,0.27012328961648685,1.2130535696398827e-8
ENSG00000029364.10,0.27001870200917816,1.2294628304946344e-8
ENSG00000082996.18,0.2700038714779766,1.2318069938447048e-8
ENSG00000075131.8,0.269955396837956,1.2394992857778907e-8
ENSG00000108839.10,0.2698523285329941,1.2560097655696237e-8
ENSG00000005022.5,0.2697293716313842,1.4583721276795363e-8
ENSG00000115738.8,0.2697273844479307,1.2763101697886361e-8
ENSG00000111907.19,0.26968588039712527,1.2831235959025759e-8
ENSG00000114744.7,0.26967207094892753,1.2853983930062546e-8
ENSG00000099256.17,0.2696707203414847,1.2856210848101585e-8
ENSG00000083544.12,0.2696690244527724,1.2859007604203385e-8
ENSG00000057608.15,0.2696431342922193,1.2901777285207758e-8
ENSG00000055609.16,0.2695752634528757,1.3014552440311945e-8
ENSG00000119707.12,0.2695076317366095,1.3127879335769961e-8
ENSG00000115966.15,0.2693522652550976,1.3391848760569152e-8
ENSG00000115421.11,0.26918606801466394,1.3679906910282208e-8
ENSG00000070882.11,0.26917213907849574,1.370431955373255e-8
ENSG00000114904.11,0.26913338269038745,1.377246833766814e-8
ENSG00000072422.15,0.2691220635452808,1.3792433613120199e-8
ENSG00000006634.6,0.2691188887193879,1.3798038559728291e-8
ENSG00000085871.7,0.26910830913356504,1.381673204463372e-8
ENSG00000064012.20,0.2690538683665074,1.3913313910688993e-8
ENSG00000115112.7,0.2689677290480544,1.406746784670907e-8
ENSG00000100003.16,0.2689401225040202,1.4117221112311744e-8
ENSG00000107890.15,0.26883342798807286,1.4311115087232367e-8
ENSG00000115380.17,0.26882570855936916,1.4325243026298737e-8
ENSG00000069535.13,0.2687511337602632,1.4462425336193626e-8
ENSG00000110786.16,0.26874090770653086,1.4481335289646994e-8
ENSG00000101282.7,0.2684258912311169,1.5075729500831813e-8
ENSG00000054654.14,0.26841410082845885,1.509842876670369e-8
ENSG00000116212.13,0.26831585083972115,1.5288873620797205e-8
ENSG00000111615.11,0.2683132964106896,1.529385593061214e-8
ENSG00000117479.11,0.26799457242859254,1.5928001111930473e-8
ENSG00000110911.13,0.26784407159834267,1.623621776053248e-8
ENSG00000106006.6,0.2677583423998007,1.6414358203840638e-8
ENSG00000102699.5,0.26767812589520323,1.6582755616520612e-8
ENSG00000104435.12,0.2676763459194026,1.6586511191668962e-8
ENSG00000068079.6,0.2675691420479365,1.681422492490257e-8
ENSG00000092978.9,0.26740682003282595,1.7164784735837118e-8
ENSG00000109046.13,0.26737525318984157,1.723377494838216e-8
ENSG00000101871.13,0.26731911201723596,1.7357136593296087e-8
ENSG00000089685.13,0.26729779340958776,1.740420446654917e-8
ENSG00000096093.13,0.2672743001022359,1.7456216761247727e-8
ENSG00000087495.15,0.2672435635806609,1.7524492119400974e-8
ENSG00000096654.14,0.2672174031406469,1.7582806082435963e-8
ENSG00000118217.5,0.2671743099561638,1.767927429051327e-8
ENSG00000102359.5,0.267109081627827,1.7826269149458616e-8
ENSG00000106538.8,0.2670746082838477,1.790443329779725e-8
ENSG00000104059.4,0.26707071438170915,1.7913283068820776e-8
ENSG00000102908.19,0.2670624074942202,1.793217649318262e-8
ENSG00000076067.10,0.2670099884980922,1.8051845280685704e-8
ENSG00000058404.18,0.26694866229381586,1.8192829583565792e-8
ENSG00000108064.9,0.26679607053595694,1.8548265644468995e-8
ENSG00000119878.5,0.2667428023207173,1.867391971636259e-8
ENSG00000101311.14,0.26669523932499156,1.878681150864681e-8
ENSG00000074660.14,0.2666427651229785,1.891212629438558e-8
ENSG00000109738.9,0.2665763735266611,1.9071836878484727e-8
ENSG00000111961.15,0.26657036670344775,1.9086351002107592e-8
ENSG00000099957.15,0.266559372467924,1.911294376011706e-8
ENSG00000096060.13,0.2665485089553411,1.9139255536624e-8
ENSG00000112339.13,0.2664944861440859,1.927062185895372e-8
ENSG00000015413.8,0.26636754053843303,1.9582755924518292e-8
ENSG00000110367.10,0.26633302738495496,1.966845910317424e-8
ENSG00000080345.16,0.26633048427144135,1.9674788505824585e-8
ENSG00000083097.13,0.2662551073188082,1.9863287046882257e-8
ENSG00000100218.10,0.26596267908231186,2.0611250448785824e-8
ENSG00000116171.15,0.26596207244797937,2.061283003977371e-8
ENSG00000089123.14,0.26582033450246456,2.0985123960002544e-8
ENSG00000036672.14,0.26573194171257153,2.122058398578277e-8
ENSG00000120008.14,0.26567945259463266,2.1361611353200842e-8
ENSG00000107872.11,0.26559143314676,2.1600138669977236e-8
ENSG00000111911.6,0.2654507809392668,2.1986654676051997e-8
ENSG00000066084.11,0.2654332002199085,2.2035434801107206e-8
ENSG00000116266.9,0.26540205440799547,2.212211027083487e-8
ENSG00000117400.13,0.2653653133611583,2.2224780693723943e-8
ENSG00000004799.7,0.2653246070317212,2.2339070053480755e-8
ENSG00000066933.14,0.26529629057766935,2.241890796627418e-8
ENSG00000113851.12,0.2651415272098459,2.286016161917634e-8
ENSG00000111554.13,0.265120640519022,2.292035228511548e-8
ENSG00000101188.4,0.2650240866489231,2.32005963889974e-8
ENSG00000106392.9,0.26498828271540886,2.330535600447964e-8
ENSG00000074755.13,0.2648966590869624,2.3575527575556463e-8
ENSG00000118939.16,0.2648670432372333,2.3663502156732183e-8
ENSG00000118496.4,0.2647466384494496,2.4024448143358157e-8
ENSG00000107443.14,0.26471165947189634,2.4130301432682507e-8
ENSG00000108443.12,0.264576332702394,2.454409137733838e-8
ENSG00000072042.11,0.2644656013315667,2.4887772878655077e-8
ENSG00000102349.13,0.26443046425721034,2.4997798669369145e-8
ENSG00000100731.14,0.26442680021865006,2.500929903171833e-8
ENSG00000085719.10,0.2643828715667537,2.5147577452421604e-8
ENSG00000115904.11,0.26431260060431283,2.5370314781194273e-8
ENSG00000088726.14,0.2642112216360301,2.569501970166177e-8
ENSG00000101405.3,0.26415259551644626,2.5884622433480978e-8
ENSG00000105261.6,0.2641466438921971,2.5903946053910362e-8
ENSG00000103742.10,0.2641464497022311,2.5904576781147386e-8
ENSG00000109472.12,0.26403719200020564,2.6261809611454356e-8
ENSG00000020577.12,0.26402930014589837,2.6287796761164646e-8
ENSG00000007372.19,0.26381411806182087,2.7006031786626207e-8
ENSG00000074842.6,0.26371147129963246,2.735529566809316e-8
ENSG00000083454.20,0.26356316124970725,2.7867657286080602e-8
ENSG00000003402.18,0.2635463201395053,2.7926420977477725e-8
ENSG00000078549.13,0.26350403929350436,2.807448001819298e-8
ENSG00000101974.13,0.2633848454213574,2.8495970354092098e-8
ENSG00000008405.10,0.2632895413736222,2.8837377595508634e-8
ENSG00000086205.15,0.26320443908998004,2.9145578870201508e-8
ENSG00000101000.4,0.2630721833741922,2.96308778665247e-8
ENSG00000103269.12,0.26307111909411657,2.963481464284229e-8
ENSG00000044524.9,0.2630533862767446,2.9700482858807724e-8
ENSG00000029363.14,0.26301474082933146,2.984408252170293e-8
ENSG00000065665.19,0.2630140846481814,2.984652656098867e-8
ENSG00000023902.12,0.2629463602050301,3.009981913031816e-8
ENSG00000106571.11,0.262831104191332,3.0535667218060525e-8
ENSG00000102287.15,0.2628309565892842,3.0536229277248316e-8
ENSG00000069399.11,0.2628219854680952,3.057040951860576e-8
ENSG00000078725.11,0.26272586086084543,3.093897629953678e-8
ENSG00000070601.8,0.26266518503928343,3.117383083817772e-8
ENSG00000095574.10,0.26263845690871573,3.1277831874213394e-8
ENSG00000110422.10,0.26254726602978806,3.1635192373855865e-8
ENSG00000111371.14,0.26236086332048214,3.237799133776904e-8
ENSG00000117036.10,0.26217605641987607,3.313106056263606e-8
ENSG00000101049.13,0.2620525822677838,3.364361006979442e-8
ENSG00000097096.8,0.2618991287616918,3.4291294365978816e-8
ENSG00000100122.5,0.2618323838895423,3.457675171702702e-8
ENSG00000103657.12,0.2618225761124857,3.461889110701957e-8
ENSG00000110172.10,0.2618049362475531,3.4694806237019166e-8
ENSG00000081665.12,0.2617634755183902,3.48738711821537e-8
ENSG00000095794.18,0.26167085535071744,3.527712122182193e-8
ENSG00000111269.2,0.2616595980635717,3.5326439319355005e-8
ENSG00000104047.13,0.2616406721060514,3.540950403798775e-8
ENSG00000087253.10,0.26161015282662836,3.5543848825782606e-8
ENSG00000104133.13,0.26157013409726343,3.5720756525748236e-8
ENSG00000104177.16,0.2615363089984707,3.5870947869210146e-8
ENSG00000049192.13,0.2615070174579529,3.600150209867172e-8
ENSG00000078018.18,0.26150109601252375,3.6027950095326286e-8
ENSG00000079482.12,0.26141384234936277,3.641985025057105e-8
ENSG00000111731.11,0.26139517863306116,3.650421167397754e-8
ENSG00000101938.13,0.26132585528559904,3.6819215067501226e-8
ENSG00000101844.16,0.2610556879430659,3.8072104234677114e-8
ENSG00000119471.13,0.26100630403730063,3.8305530777395134e-8
ENSG00000075711.19,0.26100227346079297,3.8324643326805815e-8
ENSG00000107789.14,0.2609888135475022,3.8388535546139343e-8
ENSG00000064726.8,0.2609648451457529,3.8502564941118625e-8
ENSG00000116127.16,0.260950967984106,3.856873491832008e-8
ENSG00000068885.13,0.2607775334050507,3.9405042354786925e-8
ENSG00000100410.6,0.2604777807000515,4.0891946365798136e-8
ENSG00000069020.17,0.26044544150128274,4.105556547510561e-8
ENSG00000007237.17,0.26027077834539125,4.1950260846776996e-8
ENSG00000038427.14,0.26011719565136593,4.275251455314955e-8
ENSG00000028116.15,0.2601093809402557,4.279372927693488e-8
ENSG00000113387.10,0.25997757003184213,4.349471058429919e-8
ENSG00000106819.10,0.2598722311261701,4.406287435403128e-8
ENSG00000073598.5,0.2596504950252331,4.528237314741418e-8
ENSG00000087510.6,0.2596477859880539,4.5297471982084224e-8
ENSG00000053328.8,0.2595347143430923,4.5932033722969214e-8
ENSG00000081307.11,0.25951962127588857,4.6017383408132894e-8
ENSG00000066739.10,0.25945657887011997,4.637554084337253e-8
ENSG00000067955.12,0.2592974016684391,4.7291884880176467e-8
ENSG00000018189.11,0.25923643539016017,4.7647464614718636e-8
ENSG00000115183.12,0.25906674011953057,4.865084665413011e-8
ENSG00000109220.9,0.2590148947332291,4.896144959541945e-8
ENSG00000113838.11,0.2589767067664314,4.9191455766032374e-8
ENSG00000047634.13,0.2589311779867647,4.9467039694906966e-8
ENSG00000051108.13,0.2589174874565256,4.955019915934837e-8
ENSG00000101224.16,0.25891007528503074,4.959527874003358e-8
ENSG00000005379.14,0.2588847586014979,4.974954946185924e-8
ENSG00000105339.9,0.2587881517118987,5.034250701390313e-8
ENSG00000115762.15,0.25872692816026877,5.072181487943533e-8
ENSG00000109572.12,0.2586563139601603,5.116273029331545e-8
ENSG00000051180.15,0.25850212735375216,5.2138375508897835e-8
ENSG00000119231.9,0.2584553990218185,5.243758917760664e-8
ENSG00000114933.14,0.2584547927938287,5.244148188903388e-8
ENSG00000100578.13,0.2583624428378554,5.3037750364262464e-8
ENSG00000110756.16,0.25820867480919407,5.4045127583529576e-8
ENSG00000105810.8,0.25795123853637236,5.577316481411853e-8
ENSG00000100583.4,0.2579322186061588,5.5902931040735325e-8
ENSG00000112964.12,0.2579047059878358,5.609115588672393e-8
ENSG00000111012.8,0.25787073735147065,5.632439329728658e-8
ENSG00000101935.8,0.2578268161702689,5.66273560966811e-8
ENSG00000094916.12,0.2576150246198084,5.81104939264678e-8
ENSG00000078668.12,0.25758780895020966,5.830377857261004e-8
ENSG00000103995.12,0.2575232886467404,5.876448279985319e-8
ENSG00000106524.7,0.2574837213802283,5.904874769639917e-8
ENSG00000101825.7,0.25745386640317425,5.92641145582988e-8
ENSG00000054219.10,0.25741972944943126,5.951130005783481e-8
ENSG00000112981.4,0.2573999809091959,5.965475334331965e-8
ENSG00000041357.14,0.2573747044966159,5.983884827424993e-8
ENSG00000108021.18,0.25734829315174784,6.003179522456632e-8
ENSG00000048405.8,0.25731495383490866,6.027621203294597e-8
ENSG00000112320.10,0.2571810888031721,6.126731148521366e-8
ENSG00000100201.17,0.25713199599138853,6.16347093074603e-8
ENSG00000110917.6,0.25707665069952756,6.205144986168134e-8
ENSG00000032742.16,0.25705401182085086,6.222269958445727e-8
ENSG00000102445.17,0.2568313062796795,6.393184019041397e-8
ENSG00000034971.13,0.25662943467192867,6.552018570053134e-8
ENSG00000102385.11,0.2566271076250097,6.553871537393662e-8
ENSG00000103196.10,0.25655054306011116,6.615120853967644e-8
ENSG00000040341.16,0.25652076244748756,6.639093388920732e-8
ENSG00000118620.11,0.25651691011303684,6.642200526214914e-8
ENSG00000107362.12,0.25650880844829865,6.648739582661529e-8
ENSG00000069943.8,0.2564905768307677,6.663477512969737e-8
ENSG00000117394.18,0.2563515561490128,6.776899667572308e-8
ENSG00000109171.13,0.2562479639340901,6.862626380283245e-8
ENSG00000058335.14,0.2561941690651857,6.90755577220633e-8
ENSG00000099139.12,0.2561211466019366,6.968998546502374e-8
ENSG00000099260.9,0.2560417665648964,7.036389124496101e-8
ENSG00000118495.17,0.2558863095229596,7.170192896775466e-8
ENSG00000112996.8,0.25583061664202994,7.218723314862376e-8
ENSG00000106069.19,0.2557804397945054,7.262718466702062e-8
ENSG00000006459.9,0.2557766648889954,7.266038757528734e-8
ENSG00000050130.16,0.25568029359101724,7.351301839063363e-8
ENSG00000115020.15,0.25564639299055825,7.381523852583217e-8
ENSG00000005108.14,0.2555347463972278,7.4819056905945e-8
ENSG00000100815.11,0.2555274208608195,7.488537962395266e-8
ENSG00000055813.5,0.2555037433240937,7.51001356591599e-8
ENSG00000082515.15,0.2554100897621709,7.595541636306326e-8
ENSG00000116095.9,0.2553357955408211,7.664057897076385e-8
ENSG00000054267.19,0.25514948298821927,7.838514352737853e-8
ENSG00000031691.6,0.25512624055133193,7.860544750246077e-8
ENSG00000117791.14,0.2550108371360697,7.970817983540479e-8
ENSG00000049759.15,0.25496009330515634,8.019777179340853e-8
ENSG00000050438.15,0.25487522832300397,8.10230668339198e-8
ENSG00000081154.10,0.2547783125640326,8.197557774254514e-8
ENSG00000100565.14,0.25477032197918303,8.205459145777026e-8
ENSG00000102081.12,0.25463860543227035,8.33676895984526e-8
ENSG00000085465.12,0.2546017945842286,8.373827156297592e-8
ENSG00000101384.10,0.2545879422467109,8.38781369322072e-8
ENSG00000117154.10,0.2545233165395262,8.453363920377185e-8
ENSG00000067141.15,0.25449729991701486,8.47989203650511e-8
ENSG00000100485.10,0.25447451355683853,8.503192352001521e-8
ENSG00000068831.17,0.2544356247722147,8.543101038038862e-8
ENSG00000119283.14,0.25442516614107935,8.553864758003965e-8
ENSG00000066422.4,0.2543422989873312,8.639613028544717e-8
ENSG00000114796.14,0.25432030041345,8.662515389874642e-8
ENSG00000110888.16,0.2542966032064997,8.687251703655207e-8
ENSG00000116903.7,0.25424045156389713,8.7461379311865345e-08
ENSG00000074935.12,0.2542345502262619,8.752348980687033e-8
ENSG00000109680.9,0.2542244602773871,8.76297832610203e-8
ENSG00000110719.8,0.2541744903955096,8.815803378072372e-8
ENSG00000102753.8,0.2541189968864107,8.874827712168082e-8
ENSG00000079102.15,0.2540683823856493,8.928994928044769e-8
ENSG00000066923.16,0.25395988061802727,9.046189456507288e-8
ENSG00000070366.12,0.2539458916285639,9.06140676015233e-8
ENSG00000102271.12,0.25366842663188277,9.368387459541519e-8
ENSG00000073712.12,0.25355312367569993,9.498885415995081e-8
ENSG00000055208.16,0.2535493870819636,9.503143628416749e-8
ENSG00000011114.13,0.2533656421190632,9.714825768181004e-8
ENSG00000101353.13,0.2533592423805935,9.722279907602259e-8
ENSG00000107938.16,0.2532773479305445,9.818155397643068e-8
ENSG00000068305.16,0.2529547653484777,1.0204757196016281e-7
ENSG00000109971.12,0.2527364101272805,1.1592798374886372e-7
ENSG00000107779.10,0.2526964444242375,1.0524890643822459e-7
ENSG00000108599.13,0.252540293825402,1.0723079938927268e-7
ENSG00000087502.16,0.25248478753712267,1.0794392853335065e-7
ENSG00000118322.11,0.25247222352745824,1.0810598104204556e-7
ENSG00000115290.8,0.25243787644272864,1.0855019328644591e-7
ENSG00000091986.14,0.252244039068625,1.1109028875754499e-7
ENSG00000073614.10,0.2522178926041889,1.1143727539454728e-7
ENSG00000112851.13,0.25217699281114925,1.119821487354104e-7
ENSG00000102466.14,0.2520792319835262,1.1329496304187644e-7
ENSG00000064655.17,0.2519381724392479,1.1521541642686905e-7
ENSG00000057663.11,0.2519302295082675,1.1532448376559925e-7
ENSG00000107758.14,0.2518670638616409,1.161953857714552e-7
ENSG00000113712.15,0.25185911007032835,1.1630549789519609e-7
ENSG00000095203.13,0.2518444021192113,1.165093795806776e-7
ENSG00000112149.8,0.2517696374063355,1.1755110820403563e-7
ENSG00000086717.17,0.2517339308902986,1.1805178558670497e-7
ENSG00000104205.11,0.25171967114429455,1.1825230999908661e-7
ENSG00000077616.9,0.25163694339427567,1.1942214557580923e-7
ENSG00000080371.5,0.2515939483583562,1.2003452786672324e-7
ENSG00000083223.16,0.2514562912168671,1.220156241022905e-7
ENSG00000101096.18,0.251397116534546,1.2287689279494468e-7
ENSG00000115947.12,0.25135811785957984,1.2344770728524248e-7
ENSG00000101210.9,0.2513485557246762,1.2358805580122948e-7
ENSG00000116754.12,0.25124709072742113,1.2508681991270348e-7
ENSG00000083642.17,0.2511761877945148,1.2614452901474288e-7
ENSG00000056736.8,0.25108600562011535,1.2750230331123608e-7
ENSG00000116750.12,0.250876871523108,1.3070544485032052e-7
ENSG00000073803.12,0.2508733116718706,1.307606340852953e-7
ENSG00000089006.15,0.25052293182958746,1.3630398219104033e-7
ENSG00000119714.9,0.25049329657533387,1.3678309297897927e-7
ENSG00000104671.6,0.2503618648338626,1.3892757410398e-7
ENSG00000079931.13,0.2503601336378377,1.3895603592982934e-7
ENSG00000062650.16,0.25033342395016583,1.3939587097898034e-7
ENSG00000102879.14,0.2503239719456146,1.3955184070264039e-7
ENSG00000118508.4,0.2502859206107175,1.4018143796597887e-7
ENSG00000073711.9,0.2501983526179124,1.4164075492284094e-7
ENSG00000113300.10,0.25008327870736635,1.4358073469229811e-7
ENSG00000084444.12,0.25007203880455325,1.4377159019570142e-7
ENSG00000113205.4,0.2500296824450295,1.444930077927792e-7
ENSG00000108924.12,0.24986627181205562,1.4730906694457447e-7
ENSG00000109436.7,0.2498241680274195,1.4804316845171603e-7
ENSG00000008226.18,0.2498125795454653,1.4824583764283475e-7
ENSG00000109189.11,0.249802210344044,1.4842740967388116e-7
ENSG00000103769.8,0.24976585493254497,1.4906571315614564e-7
ENSG00000075618.16,0.24973995312271693,1.495220923735591e-7
ENSG00000112139.13,0.24972222799740873,1.4983517749807573e-7
ENSG00000065911.10,0.2494718127255811,1.5432643373773289e-7
ENSG00000117707.14,0.2493936013512495,1.5575556441180126e-7
ENSG00000115760.12,0.2493690586662579,1.56206647675225e-7
ENSG00000119711.11,0.24933087530187426,1.569109441585646e-7
ENSG00000066855.14,0.2489666318540275,1.6378509246195461e-7
ENSG00000088451.9,0.24895664472869353,1.6397760170235426e-7
ENSG00000111799.19,0.2489225579019007,1.646362938346946e-7
ENSG00000112234.7,0.24882858928634172,1.6646536688218665e-7
ENSG00000112972.13,0.24878325113260083,1.6735484840804945e-7
ENSG00000117020.15,0.24875442888105323,1.679226862609693e-7
ENSG00000040199.17,0.248743734975737,1.681338426316323e-7
ENSG00000101166.14,0.24865103583646525,1.6997498401348255e-7
ENSG00000007264.12,0.24864044470757907,1.7018657169344517e-7
ENSG00000111880.14,0.24862682687942428,1.7045899915791476e-7
ENSG00000104490.16,0.24852297427560466,1.7255045635375667e-7
ENSG00000104804.6,0.2485203094192559,1.7260444711081908e-7
ENSG00000112902.10,0.24850251081924096,1.7296546947299584e-7
ENSG00000014919.11,0.24838588187602295,1.7534920721746745e-7
ENSG00000105755.6,0.2482780146967801,1.775820150995151e-7
ENSG00000111215.10,0.24827073304548175,1.7773372524388813e-7
ENSG00000108001.12,0.24812110027221965,1.8087904828816747e-7
ENSG00000104450.11,0.24811670130612973,1.8097232237065309e-7
ENSG00000116918.12,0.24807272923511087,1.819072402818565e-7
ENSG00000067715.12,0.2479505763572412,1.8452888909034686e-7
ENSG00000095383.18,0.24793289829068804,1.849112981020134e-7
ENSG00000117643.13,0.24791237655576698,1.8535617835899754e-7
ENSG00000119778.13,0.24790607350701038,1.8549302579047136e-7
ENSG00000119661.13,0.24782311845007493,1.87303182748429e-7
ENSG00000118855.17,0.2478115321899788,1.8755735604574265e-7
ENSG00000114054.12,0.24776511492164022,1.8857896948632913e-7
ENSG00000101134.10,0.2477423388359542,1.890822143505488e-7
ENSG00000119979.14,0.24764309249149774,1.9129023362091585e-7
ENSG00000117533.13,0.24763992708808133,1.9136106418836513e-7
ENSG00000110955.7,0.2475618280682977,1.9311666705029473e-7
ENSG00000090534.16,0.247500758184545,1.9450026668182334e-7
ENSG00000079134.10,0.24749651952552493,1.945966512840873e-7
ENSG00000068615.15,0.24749512276940283,1.946284227695814e-7
ENSG00000095321.15,0.24735931704980635,1.9774151892565727e-7
ENSG00000102786.13,0.24734741830934565,1.980165491585003e-7
ENSG00000028203.16,0.24728654811110537,1.9942929007781414e-7
ENSG00000088179.7,0.24718432122319967,2.0182374931195335e-7
ENSG00000010327.9,0.24712390492237213,2.032518716160134e-7
ENSG00000115963.12,0.24702386818346933,2.056379666316793e-7
ENSG00000072609.16,0.24698584057740558,2.065520658960697e-7
ENSG00000088854.12,0.24687385153074337,2.09266821624984e-7
ENSG00000114062.16,0.24685547470298733,2.0971556831386045e-7
ENSG00000115896.14,0.24681895351745303,2.106101373564467e-7
ENSG00000069702.9,0.24657132949933852,2.167732179432066e-7
ENSG00000067798.12,0.2463956343273226,2.2125100821861293e-7
ENSG00000110344.8,0.24616092754438357,2.273719228067682e-7
ENSG00000099840.12,0.24612193768417215,2.2840440398185618e-7
ENSG00000082258.11,0.24610918677999485,2.287430360612969e-7
ENSG00000113070.7,0.24607494655492346,2.2965476424278677e-7
ENSG00000100934.13,0.2459785212625336,2.3224115873898922e-7
ENSG00000106366.8,0.2459760906615152,2.3230671521362127e-7
ENSG00000100558.7,0.24595637546488652,2.3283911848550416e-7
ENSG00000042317.15,0.24577246800669753,2.378624054534282e-7
ENSG00000100596.5,0.24574459223683467,2.386328577631198e-7
ENSG00000116473.13,0.2457269600273158,2.391214303854028e-7
ENSG00000099822.2,0.24569346119415547,2.40052306891212e-7
ENSG00000064393.14,0.24558651053871064,2.4304769387306237e-7
ENSG00000104635.12,0.24554247523927109,2.4429142774554857e-7
ENSG00000095209.10,0.24531150796188522,2.509158705322228e-7
ENSG00000117335.17,0.2452383919703593,2.5304872747367093e-7
ENSG00000115457.8,0.24514611009276976,2.557655921707485e-7
ENSG00000117676.12,0.2450647038706454,2.581855581836742e-7
ENSG00000100181.20,0.24496234617698545,2.6125963925308663e-7
ENSG00000007168.11,0.2447570509484626,2.6753174699098233e-7
ENSG00000108510.8,0.24469703203463805,2.693926356944805e-7
ENSG00000105996.6,0.24453980280195245,2.743267876909342e-7
ENSG00000077092.17,0.24451459278479898,2.751259732898556e-7
ENSG00000108582.10,0.2444784753437805,2.7627484206705786e-7
ENSG00000118420.15,0.2444124349986949,2.7838748612308805e-7
ENSG00000114270.14,0.2444065831747753,2.7857543520187263e-7
ENSG00000004897.10,0.2443712416396815,2.7971313428983106e-7
ENSG00000119943.9,0.2443549822464349,2.802380500484019e-7
ENSG00000081248.9,0.2443370412316076,2.808183551357063e-7
ENSG00000113318.9,0.24433007943317714,2.81043846944394e-7
ENSG00000110841.12,0.2443190789872561,2.814005052927744e-7
ENSG00000100580.7,0.24427074000803198,2.8297292900415944e-7
ENSG00000077264.13,0.2442517848266281,2.835918291190126e-7
ENSG00000119314.14,0.2442482186895301,2.837084115212938e-7
ENSG00000101577.8,0.2442354860735543,2.841250363721469e-7
ENSG00000095970.15,0.2442342159858961,2.841666272815854e-7
ENSG00000112276.12,0.24419685265884258,2.8539276966752086e-7
ENSG00000046653.13,0.2441600181190931,2.8660654178669355e-7
ENSG00000074527.10,0.2438888179052812,2.9569731805290387e-7
ENSG00000107669.16,0.2438341837206535,2.9756196540632457e-7
ENSG00000023909.8,0.24381695087011995,2.981524606491286e-7
ENSG00000076513.15,0.243806508450114,2.985108256660023e-7
ENSG00000102595.17,0.24371356623312285,3.017187483221094e-7
ENSG00000091317.7,0.24371065293922,3.0181983558870364e-7
ENSG00000010704.17,0.24368812954493452,3.026024668325458e-7
ENSG00000104695.11,0.2436036072764589,3.0555685211624993e-7
ENSG00000107807.11,0.24340918357936572,3.124584391738998e-7
ENSG00000108474.15,0.24339465235806307,3.129802438396952e-7
ENSG00000062725.8,0.24327227397224066,3.174081419555803e-7
ENSG00000101901.9,0.243212377462537,3.1959722615209845e-7
ENSG00000020633.17,0.24321018885045084,3.1967748948670265e-7
ENSG00000104147.7,0.24317341232128617,3.210291055224216e-7
ENSG00000075142.12,0.24315064502264494,3.2186860589106726e-7
ENSG00000077585.12,0.2430732735348939,3.24737343783924e-7
ENSG00000111300.8,0.2430510871690228,3.2556448534625455e-7
ENSG00000053371.11,0.24295585684543944,3.2913789457098854e-7
ENSG00000111664.9,0.24293863134407373,3.297882788045638e-7
ENSG00000112029.8,0.24281940543400407,3.3432391042389477e-7
ENSG00000060749.13,0.24271816757242765,3.382222892010452e-7
ENSG00000106236.3,0.2427032580344079,3.3880009379282306e-7
ENSG00000092108.19,0.2426709860935439,3.4005401504120475e-7
ENSG00000036054.11,0.24253982718887027,3.4519626700558073e-7
ENSG00000039600.9,0.242526233802615,3.4573347057302954e-7
ENSG00000106603.16,0.24250027625333642,3.467615341925249e-7
ENSG00000008517.15,0.24246461087582172,3.481788786419737e-7
ENSG00000100918.11,0.24245631539855161,3.4850933932027303e-7
ENSG00000011201.9,0.2424146089827716,3.5017534272435486e-7
ENSG00000113494.15,0.24241182484235577,3.5028683025361896e-7
ENSG00000118816.8,0.24238577477146575,3.5133162926565435e-7
ENSG00000104953.17,0.24234486982012746,3.5297826906559296e-7
ENSG00000103355.11,0.24230822684463837,3.5445964294076004e-7
ENSG00000061794.11,0.24228762876060875,3.552949898622381e-7
ENSG00000101493.9,0.24222125714166012,3.579995636746702e-7
ENSG00000113163.14,0.2421649812580199,3.6030824918646623e-7
ENSG00000064205.9,0.24209394529251504,3.632429094269112e-7
ENSG00000103540.15,0.24202721542004135,3.660206056339888e-7
ENSG00000102897.8,0.24187941974759916,3.722456590092032e-7
ENSG00000104361.8,0.24185428296739508,3.7331448406489957e-7
ENSG00000012223.11,0.24183105120166581,3.7430493106940424e-7
ENSG00000100147.12,0.2418308875572769,3.743119167258891e-7
ENSG00000104879.4,0.2417996678035713,3.756469226002338e-7
ENSG00000118402.5,0.2416177899630453,3.835158156842688e-7
ENSG00000093000.17,0.2415883840750093,3.848028473987252e-7
ENSG00000101280.7,0.24155650778610518,3.862026943983218e-7
ENSG00000113966.8,0.24148778126890363,3.892374987801605e-7
ENSG00000049167.12,0.24147974028126545,3.895940650737307e-7
ENSG00000104427.10,0.24121513991889704,4.015041945480682e-7
ENSG00000111875.7,0.24110819109649406,4.064168346170797e-7
ENSG00000101608.11,0.24095684885184487,4.1346752944851934e-7
ENSG00000053108.15,0.24082427625137592,4.197402908526752e-7
ENSG00000080822.15,0.240759145117276,4.2285543182865727e-7
ENSG00000105329.8,0.24060661837530486,4.3023781097909837e-7
ENSG00000109787.11,0.24048558741632747,4.3618378816011835e-7
ENSG00000102362.14,0.240416857908698,4.3959539746716024e-7
ENSG00000115593.13,0.24020921948232685,4.5005871285391745e-7
ENSG00000106780.8,0.24013309318612508,4.5395451463434697e-7
ENSG00000115540.13,0.24008760366851734,4.562979143282734e-7
ENSG00000100600.13,0.24000510800805638,4.60577388221713e-7
ENSG00000116497.16,0.23991986938414397,4.6503966655426643e-7
ENSG00000087299.10,0.23975175444006883,4.7396265951786456e-7
ENSG00000077514.7,0.2397365056083086,4.747801085027313e-7
ENSG00000103024.6,0.23966008909704126,4.788970447774323e-7
ENSG00000104320.12,0.23961379664906002,4.814077134371504e-7
ENSG00000111319.11,0.2395929422275961,4.825428805510644e-7
ENSG00000113658.15,0.2392778821005315,5.000087208122835e-7
ENSG00000104833.9,0.23919179100194418,5.048860119621804e-7
ENSG00000064199.5,0.23915658220224464,5.068938286031188e-7
ENSG00000102158.18,0.23911919845652324,5.090340715297694e-7
ENSG00000095932.6,0.23901194976607362,5.152224266770119e-7
ENSG00000112312.8,0.2389868622605726,5.166803990128048e-7
ENSG00000100504.15,0.23895976125758037,5.182598410716836e-7
ENSG00000116138.11,0.23895915841614312,5.18295027266607e-7
ENSG00000107984.8,0.23887579111357368,5.231831190277797e-7
ENSG00000102383.12,0.23872699959183905,5.320175320683958e-7
ENSG00000100167.18,0.2386993640804912,5.336740820543214e-7
ENSG00000052723.10,0.23867206984803438,5.353150387444479e-7
ENSG00000069431.9,0.23863478607820232,5.375644124239276e-7
ENSG00000080823.20,0.23856649963670276,5.417077833560295e-7
ENSG00000116793.14,0.23850488562192315,5.454726148218103e-7
ENSG00000109458.7,0.2381870628617613,5.652954217595576e-7
ENSG00000109861.14,0.23818432558504404,5.654691165166627e-7
ENSG00000111596.10,0.23783626892817333,5.879779061855009e-7
ENSG00000038274.15,0.23780629074027773,5.899563478096614e-7
ENSG00000117143.12,0.23761963466048824,6.024195300429989e-7
ENSG00000082175.13,0.23725914027010067,6.272096251636656e-7
ENSG00000055332.15,0.23717164354748863,6.333726466072219e-7
ENSG00000005020.11,0.23717013079042096,6.334797107005733e-7
ENSG00000015592.15,0.23687527976465705,6.546827412289017e-7
ENSG00000088538.12,0.23681732902368827,6.589294194627184e-7
ENSG00000102575.9,0.2367825001382655,6.614944225038595e-7
ENSG00000106799.11,0.23678067001516667,6.616294682950181e-7
ENSG00000089127.11,0.2367687622527181,6.625087954052128e-7
ENSG00000072736.17,0.2366508473676661,6.712769990206252e-7
ENSG00000109991.7,0.23661080517908561,6.742798192315817e-7
ENSG00000104691.13,0.23660786484424046,6.745008267049706e-7
ENSG00000030110.11,0.23660627634667064,6.74620253553371e-7
ENSG00000015479.16,0.23658350192618616,6.763347201336497e-7
ENSG00000011422.10,0.23647452041319264,6.845969653896561e-7
ENSG00000116704.7,0.23641999847353026,6.887667384088152e-7
ENSG00000100749.6,0.23636284607137367,6.931638616289481e-7
ENSG00000092850.10,0.23632006648482842,6.964728115263433e-7
ENSG00000034053.13,0.23628866696332243,6.989111728125665e-7
ENSG00000099625.11,0.23613990331221496,7.105754028939908e-7
ENSG00000112182.13,0.23612134502155654,7.120435630783904e-7
ENSG00000104723.19,0.2361170138637016,7.123866231304701e-7
ENSG00000117114.18,0.23606455874244917,7.165540801920426e-7
ENSG00000108010.10,0.23600387926908378,7.21404146424494e-7
ENSG00000018510.11,0.23593571329089477,7.268901930196024e-7
ENSG00000106701.10,0.2358236916376382,7.359928746345328e-7
ENSG00000058866.13,0.23577045041918168,7.403574314921657e-7
ENSG00000112742.8,0.23567664149097187,7.481081370740243e-7
ENSG00000031003.9,0.23563518135843567,7.515584330027245e-7
ENSG00000106038.11,0.23554017775439234,7.595222960753718e-7
ENSG00000104888.8,0.23546503918217468,7.658782419601853e-7
ENSG00000077232.15,0.23522837198163254,7.862332356240721e-7
ENSG00000111412.5,0.23522634852026217,7.86409485721452e-7
ENSG00000080224.16,0.2351400937999708,7.939579176954921e-7
ENSG00000114948.11,0.23501503101268995,8.050262013078904e-7
ENSG00000010318.18,0.23500818418208577,8.056364145567584e-7
ENSG00000105856.12,0.2349186034113805,8.136611774060408e-7
ENSG00000006576.15,0.23475340526230623,8.286614648933784e-7
ENSG00000011405.12,0.2347048882104727,8.33117081775542e-7
ENSG00000075223.12,0.23469204263314838,8.343006136012102e-7
ENSG00000100884.8,0.2346339378986542,8.396743000844973e-7
ENSG00000029725.15,0.23461820688437982,8.411348518076368e-7
ENSG00000074356.15,0.2343704947289803,8.644577527537868e-7
ENSG00000054523.15,0.234337481267502,8.676125493848557e-7
ENSG00000091010.4,0.23424206808784742,8.76792548266236e-7
ENSG00000108039.16,0.23395707848570538,9.047705694817852e-7
ENSG00000097033.13,0.23395195221256496,9.052815850657314e-7
ENSG00000103591.11,0.233948508862143,9.056249929656965e-7
ENSG00000103994.15,0.23392506972275623,9.079659191175624e-7
ENSG00000071537.12,0.2338849147035613,9.119898014268687e-7
ENSG00000114439.17,0.23378381386168773,9.221968975298879e-7
ENSG00000034677.10,0.23370118358841319,9.306205227080929e-7
ENSG00000073464.10,0.23337998838141175,9.640708901572162e-7
ENSG00000107854.5,0.23323356251814517,9.797001386320964e-7
ENSG00000109576.12,0.23307884585777267,9.964783204593308e-7
ENSG00000071073.11,0.23282927593492955,1.0241251602689443e-6
ENSG00000117477.11,0.23277768232433396,1.0299316503464025e-6
ENSG00000095951.15,0.2325514331378082,1.0557693064117785e-6
ENSG00000006283.16,0.23244540074826592,1.0680910622130336e-6
ENSG00000018236.13,0.23238204454340078,1.0755192237731982e-6
ENSG00000108641.13,0.23211769206004226,1.1070511470781454e-6
ENSG00000064218.4,0.2321094991877983,1.1080424166502839e-6
ENSG00000001626.13,0.232095737058759,1.1097094360398454e-6
ENSG00000100523.13,0.2317249406854431,1.1555404791579562e-6
ENSG00000110315.5,0.2315987263995567,1.1715507178069198e-6
ENSG00000106113.17,0.23159234020762662,1.1723664311807955e-6
ENSG00000111224.12,0.23156905031777558,1.1753458839296166e-6
ENSG00000117602.10,0.23155282511972394,1.177425846662597e-6
ENSG00000118680.11,0.23155116067552042,1.177639416834551e-6
ENSG00000102384.12,0.23154708368575858,1.1781627053827788e-6
ENSG00000118260.13,0.23150512761107103,1.1835608067468365e-6
ENSG00000114978.16,0.23135645733318294,1.202880367239197e-6
ENSG00000116874.10,0.2311107453969539,1.2354748533910478e-6
ENSG00000119636.14,0.23107375235586172,1.240454842231664e-6
ENSG00000100532.10,0.23094226610863952,1.258311681871527e-6
ENSG00000100526.18,0.23078864640869426,1.2794865750422476e-6
ENSG00000108511.9,0.23066857857434597,1.2962740624502386e-6
ENSG00000093144.17,0.2305051456505833,1.3194642791893927e-6
ENSG00000112818.8,0.2304740480078028,1.3239216586290127e-6
ENSG00000006128.10,0.2304358165230012,1.3294213466489652e-6
ENSG00000079739.14,0.23043229976587268,1.3299283386048265e-6
ENSG00000114857.16,0.2304109069173762,1.3330164250228449e-6
ENSG00000080644.14,0.2302937959358023,1.3500437125974705e-6
ENSG00000104689.8,0.23020687209040255,1.3628165274413152e-6
ENSG00000089902.9,0.23010792995411689,1.377496278372081e-6
ENSG00000102189.15,0.22976980265636557,1.4288155967998708e-6
ENSG00000069188.15,0.22968623182636577,1.4417791266272901e-6
ENSG00000064042.16,0.22950156131644223,1.4708261248412376e-6
ENSG00000106415.11,0.22949247614636814,1.4722695149910694e-6
ENSG00000092020.9,0.22945434936710404,1.478341650917389e-6
ENSG00000095596.10,0.22941962265680968,1.4838931605871578e-6
ENSG00000089818.15,0.22941004545977653,1.4854277086871035e-6
ENSG00000111790.12,0.22940958963853536,1.485500782522048e-6
ENSG00000104537.15,0.22929583078069118,1.5038458390429398e-6
ENSG00000114423.17,0.22913435282298208,1.5302593183385885e-6
ENSG00000076685.17,0.2291086158666833,1.5345100480315104e-6
ENSG00000107036.10,0.2289912854585505,1.5540321483615656e-6
ENSG00000033800.12,0.22896723324727675,1.5580633723779477e-6
ENSG00000085449.13,0.22895288914116274,1.5604722548866424e-6
ENSG00000085741.11,0.22883114237032878,1.5810619895477909e-6
ENSG00000059758.6,0.22863024271612775,1.6156082104895134e-6
ENSG00000023516.8,0.22849093933796957,1.6399857280494308e-6
ENSG00000067082.13,0.2284875562992575,1.6405821055694268e-6
ENSG00000105427.8,0.22846203381266378,1.6450880258021525e-6
ENSG00000005810.16,0.2282500197564622,1.6829794550437426e-6
ENSG00000077684.14,0.22811531064144783,1.7074875989111214e-6
ENSG00000099246.15,0.22801832843444728,1.7253431689280761e-6
ENSG00000119906.10,0.22791041656009278,1.7454211825863406e-6
ENSG00000086991.11,0.22789286764188282,1.748707402627703e-6
ENSG00000089505.16,0.22781054078402949,1.7642032339297916e-6
ENSG00000092964.15,0.22777925474865335,1.770126403794235e-6
ENSG00000100473.14,0.22764622112496455,1.795526070398574e-6
ENSG00000111058.6,0.22762999429310923,1.7986479805173832e-6
ENSG00000052802.11,0.2275190325001725,1.8201358400543936e-6
ENSG00000077458.11,0.22743297646028487,1.8369696908160204e-6
ENSG00000024048.9,0.22725268384081324,1.8727222436684072e-6
ENSG00000088035.14,0.22712043555672082,1.8993700286012698e-6
ENSG00000116285.11,0.2270623904778116,1.911180294194739e-6
ENSG00000069712.10,0.2268373000360379,1.9576471850390157e-6
ENSG00000113638.11,0.22668564241007866,1.9895625996219695e-6
ENSG00000067064.9,0.22665044434645365,1.9970407106587314e-6
ENSG00000113231.12,0.22655198487873657,2.018102384725668e-6
ENSG00000116191.16,0.2265149899938289,2.0260708587163048e-6
ENSG00000109805.8,0.22632327119994763,2.067850719545271e-6
ENSG00000068784.11,0.22629070119960817,2.075029910019275e-6
ENSG00000072401.13,0.2262054390686486,2.0939368235511553e-6
ENSG00000102554.12,0.2261735992084396,2.1010395196612005e-6
ENSG00000095464.9,0.22614175287675195,2.1081667218291536e-6
ENSG00000005812.9,0.22609761254827446,2.118083590218956e-6
ENSG00000091409.13,0.22606866430451386,2.262664449233547e-6
ENSG00000107290.12,0.22598878778502074,2.142723991042124e-6
ENSG00000044459.13,0.22596868756304875,2.1473050519182514e-6
ENSG00000114279.12,0.22593143224617063,2.1558207452076124e-6
ENSG00000109184.13,0.22592874525288487,2.1564361769241402e-6
ENSG00000083312.16,0.22591138895398585,2.1604155340861508e-6
ENSG00000104044.14,0.225850687639392,2.1743881399560636e-6
ENSG00000096088.15,0.22581435505558586,2.182792728882679e-6
ENSG00000087301.7,0.2255459412547787,2.2458535015238117e-6
ENSG00000070081.14,0.22544244881152406,2.27063048361254e-6
ENSG00000086666.17,0.2254391840914678,2.2714163255327145e-6
ENSG00000119457.7,0.22523614603285858,2.3208037243957086e-6
ENSG00000092200.11,0.22496509963463673,2.388336904977432e-6
ENSG00000012660.12,0.22492165435019768,2.399334943740014e-6
ENSG00000105974.10,0.22484756520279983,2.4182022347096186e-6
ENSG00000115464.13,0.22479520374713574,2.4316219378256826e-6
ENSG00000048707.12,0.22460311197358834,2.4814657749873114e-6
ENSG00000078401.6,0.22457333973259686,2.489278000933905e-6
ENSG00000103310.9,0.22449004463588373,2.5112597899902325e-6
ENSG00000109099.12,0.22446457047180984,2.5180194804291613e-6
ENSG00000119537.14,0.2244610153356041,2.518964235545689e-6
ENSG00000059377.14,0.22444075740563837,2.5243541272071348e-6
ENSG00000111247.13,0.22427784504484916,2.568102001990801e-6
ENSG00000092607.12,0.22416491691364324,2.5988518566014744e-6
ENSG00000083123.13,0.22408236191057898,2.621553721383681e-6
ENSG00000116459.9,0.22407661410214122,2.6231413580172835e-6
ENSG00000080546.12,0.22395936553512383,2.6557287015266953e-6
ENSG00000109771.14,0.22386777439991637,2.6814539645638304e-6
ENSG00000103226.16,0.2235199178984136,2.7813449134981796e-6
ENSG00000119440.8,0.22349827569278646,2.7876758865399505e-6
ENSG00000118007.11,0.22319880159567093,2.8767077985680335e-6
ENSG00000106823.11,0.22317759036053889,2.8831158207610068e-6
ENSG00000119737.5,0.22312443541820554,2.8992342087981635e-6
ENSG00000107105.13,0.22306354725438773,2.917803441501581e-6
ENSG00000118193.10,0.22301173195809731,2.9336952018777635e-6
ENSG00000035499.11,0.22293833120227638,2.9563489301037546e-6
ENSG00000111850.9,0.2228628849226522,2.9798082169015615e-6
ENSG00000103044.9,0.2224376377883491,3.1153992579770076e-6
ENSG00000112200.15,0.22241753649771207,3.121952417166169e-6
ENSG00000061918.11,0.22241249939160182,3.1235966118114827e-6
ENSG00000101557.13,0.2223433608842034,3.146248380155819e-6
ENSG00000105939.11,0.22233206975786238,3.149962561350471e-6
ENSG00000109466.12,0.22223422121029363,3.182325540127303e-6
ENSG00000109047.7,0.22222610431952214,3.185024394157645e-6
ENSG00000010219.12,0.22210015896351026,3.2271823961373247e-6
ENSG00000013588.5,0.2218398878456969,3.3159996952495685e-6
ENSG00000106511.5,0.22183631164516027,3.317236188624957e-6
ENSG00000112619.7,0.22176229265302277,3.342927871567757e-6
ENSG00000100577.17,0.22163557919616206,3.38735156152278e-6
ENSG00000118412.11,0.22162264811895446,3.3919165777647737e-6
ENSG00000116544.10,0.22162011218687058,3.392812518887278e-6
ENSG00000100629.15,0.22152451837694348,3.426751090370228e-6
ENSG00000079819.15,0.2214906108717917,3.438866991693501e-6
ENSG00000051341.12,0.2213879466237815,3.475801297233216e-6
ENSG00000109689.13,0.22129596159251042,3.5092153507558776e-6
ENSG00000090686.14,0.22119350064103138,3.5467961455560945e-6
ENSG00000113196.2,0.22117067466757884,3.5552205113677498e-6
ENSG00000116001.14,0.22112553738176893,3.5719356120346903e-6
ENSG00000117697.13,0.22102381456528408,3.6098810015321175e-6
ENSG00000074603.17,0.22095427832920633,3.6360411999128652e-6
ENSG00000058272.14,0.2209293319534741,3.645470332864656e-6
ENSG00000092439.12,0.22091406044890022,3.6512541187880798e-6
ENSG00000070501.10,0.2207207507656319,3.7252284349714764e-6
ENSG00000067066.15,0.22067090068439865,3.744535645991344e-6
ENSG00000009413.14,0.2206531622463215,3.7514288710999863e-6
ENSG00000048392.10,0.2205903799429051,3.775923821347787e-6
ENSG00000116641.14,0.2205475134195165,3.7927361821580143e-6
ENSG00000075340.21,0.2205129041428427,3.806362177113858e-6
ENSG00000105750.13,0.2202198962446525,3.923610849825314e-6
ENSG00000084093.14,0.2199887332996791,4.018538099788144e-6
ENSG00000101443.16,0.2198495728298824,4.076737926662573e-6
ENSG00000111052.6,0.2198068958304749,4.094747035030794e-6
ENSG00000103260.7,0.21957820770353637,4.192551902243392e-6
ENSG00000099866.13,0.2195558625746005,4.202227155233567e-6
ENSG00000099204.17,0.21927072929357602,4.327574519253261e-6
ENSG00000100890.14,0.21909721650953132,4.405591190389767e-6
ENSG00000115159.14,0.21905238175575645,4.425967533171228e-6
ENSG00000114113.5,0.21902657806669484,4.437735464075163e-6
ENSG00000105929.14,0.21899776664283835,4.450910387461042e-6
ENSG00000104722.12,0.21899283123307117,4.45317100067093e-6
ENSG00000076770.13,0.21892680226038544,4.483520514282618e-6
ENSG00000113161.14,0.21892410881449315,4.484762710182276e-6
ENSG00000110680.11,0.2187913266467643,4.546409788315223e-6
ENSG00000100170.8,0.21873097659078128,4.574695264078527e-6
ENSG00000079459.11,0.21869410541574413,4.592059005354308e-6
ENSG00000109072.12,0.21857131345002406,4.650340194503685e-6
ENSG00000109670.12,0.21836304475503523,4.7508092564116834e-6
ENSG00000074276.9,0.218351585211595,4.7563970621422935e-6
ENSG00000107518.15,0.21834307170472714,4.760552407117096e-6
ENSG00000107551.19,0.2182849120258924,4.789032305249406e-6
ENSG00000119514.6,0.21828127372386621,4.790819319737301e-6
ENSG00000078237.5,0.21826542852701314,4.798609384370662e-6
ENSG00000077147.13,0.21826464071528928,4.798997016069084e-6
ENSG00000115423.17,0.21825034029311705,4.806038535146483e-6
ENSG00000013375.14,0.21812568976577465,4.8678353740186805e-6
ENSG00000101751.9,0.2180749539704346,4.893204717277043e-6
ENSG00000065613.12,0.21804074842961882,4.910379621351652e-6
ENSG00000027075.12,0.21802387245057606,4.918874378847566e-6
ENSG00000100985.7,0.21799334175036295,4.9342780785515165e-6
ENSG00000070087.12,0.21790416140244415,4.979536438892542e-6
ENSG00000113441.14,0.21779826761513868,5.033791271224313e-6
ENSG00000002549.11,0.21772174874444836,5.073346415162635e-6
ENSG00000008311.13,0.21771324076838466,5.0777627478956064e-6
ENSG00000109332.18,0.21767182144909716,5.099315202004207e-6
ENSG00000101236.15,0.21752604592140287,5.175865540900011e-6
ENSG00000114473.12,0.21740390117882671,5.240849863775536e-6
ENSG00000087116.12,0.21722834569213326,5.335615124852979e-6
ENSG00000014824.12,0.21714516405474432,5.3810854963967154e-6
ENSG00000113578.16,0.2171428575646504,5.382351567496812e-6
ENSG00000023697.11,0.21713544436002266,5.3864227247308205e-6
ENSG00000085274.14,0.21699372757364555,5.464817465266328e-6
ENSG00000079691.16,0.21672151193767258,5.618465097099075e-6
ENSG00000100625.8,0.21667728789052165,5.643812514246425e-6
ENSG00000112530.10,0.21664072902713727,5.664848882638049e-6
ENSG00000113916.16,0.2166095180465921,5.682867182045897e-6
ENSG00000066427.20,0.21659303036256883,5.69240768148498e-6
ENSG00000088766.10,0.21655861549313166,5.712370887705072e-6
ENSG00000105784.14,0.21639532289278826,5.8080064359017765e-6
ENSG00000117410.12,0.21630175680726968,5.863491468747028e-6
ENSG00000100739.9,0.21628100264264155,5.875867085702524e-6
ENSG00000113810.14,0.21623906323191086,5.900951447539349e-6
ENSG00000109743.9,0.2161758464978573,5.938955061770661e-6
ENSG00000099984.9,0.2161703074427516,5.9422960405539425e-6
ENSG00000100490.8,0.2160981506074136,5.985982802637694e-6
ENSG00000089199.8,0.21601622048552116,6.035958040220242e-6
ENSG00000111785.17,0.21596780053142026,6.065679742876343e-6
ENSG00000113273.14,0.21591097467224823,6.100739272955574e-6
ENSG00000101162.3,0.2158606986201768,6.131918844322003e-6
ENSG00000111877.16,0.21571948249328762,6.22031138694783e-6
ENSG00000087250.7,0.21569031103604314,6.238721706241625e-6
ENSG00000005889.14,0.2155841211715884,6.3061786803826535e-6
ENSG00000109205.15,0.21556731649295943,6.316917361738851e-6
ENSG00000117010.14,0.21553482976009408,6.337726788923202e-6
ENSG00000054938.14,0.21538784503907374,6.432697666154797e-6
ENSG00000041982.13,0.2153648815768254,6.447656991402132e-6
ENSG00000085365.16,0.21530201951880815,6.488777729089965e-6
ENSG00000080031.8,0.2151825708939618,6.567604046586587e-6
ENSG00000099338.21,0.21507458323051204,6.639652064696523e-6
ENSG00000060566.12,0.21504450548146495,6.659853333923777e-6
ENSG00000115155.15,0.21497221512566322,6.708645980738959e-6
ENSG00000109618.10,0.21481229982975605,6.817794898120783e-6
ENSG00000091879.12,0.21481199922451075,6.818001658886471e-6
ENSG00000010810.16,0.21477680059909027,6.842253165015342e-6
ENSG00000083937.7,0.2147020809479858,6.894007084454379e-6
ENSG00000107018.7,0.21463315440081263,6.942079136667185e-6
ENSG00000071189.20,0.21461418010420616,6.955368526979064e-6
ENSG00000111196.8,0.2145008342891223,7.035261159309974e-6
ENSG00000036549.11,0.21442893280722974,7.086394025479347e-6
ENSG00000105989.7,0.2144036433794002,7.104462696526751e-6
ENSG00000113262.13,0.2143883509947247,7.115410021344079e-6
ENSG00000114698.13,0.21424393436105565,7.219589080870199e-6
ENSG00000117118.8,0.2139905146639908,7.405923251354111e-6
ENSG00000078098.12,0.2139407008602171,7.443085257374816e-6
ENSG00000067167.6,0.21390723871150885,7.46814832764761e-6
ENSG00000100503.22,0.2138041617106901,7.5458591336540805e-6
ENSG00000111530.11,0.21378342463203098,7.561585847845133e-6
ENSG00000109133.11,0.2137683024811126,7.573073964038804e-6
ENSG00000114573.8,0.21367019612142643,7.648009083600341e-6
ENSG00000116141.14,0.21362553711027296,7.682353814488831e-6
ENSG00000112499.11,0.21362042350803298,7.686295761028536e-6
ENSG00000070367.14,0.21346647832886373,7.805874540782437e-6
ENSG00000102780.15,0.2134365867559303,7.829297741565948e-6
ENSG00000111252.9,0.21340789512405903,7.85184363372336e-6
ENSG00000061987.13,0.21335432294082152,7.894106335757856e-6
ENSG00000100478.13,0.21334399513415317,7.90227874396847e-6
ENSG00000107611.13,0.21320022478984352,8.016884808952507e-6
ENSG00000106178.5,0.21310756954221188,8.091581788565872e-6
ENSG00000100522.7,0.21294999288996472,8.220142046270577e-6
ENSG00000116675.14,0.2128396943217819,8.311285101329091e-6
ENSG00000085415.14,0.21273985390020467,8.39461554214075e-6
ENSG00000075539.12,0.2127259020485006,8.406323439261972e-6
ENSG00000047188.14,0.2127062035263434,8.422880220355225e-6
ENSG00000023839.9,0.212676967771616,8.447510393940842e-6
ENSG00000117475.12,0.21254686514251472,8.557951888055032e-6
ENSG00000006377.10,0.21250476882754196,8.593980087378861e-6
ENSG00000114541.13,0.21245237926740196,8.639019543387817e-6
ENSG00000005189.18,0.21238602472526444,8.696387444491044e-6
ENSG00000057252.11,0.21234231793254713,8.734372846641277e-6
ENSG00000079385.20,0.21200573421713775,9.032235520680618e-6
ENSG00000072182.11,0.2119134630721964,9.115565739502071e-6
ENSG00000100191.5,0.21190536937167007,9.12290998971528e-6
ENSG00000116819.6,0.21189322460585464,9.133940759858194e-6
ENSG00000109814.10,0.21184647227810566,9.176523317628049e-6
ENSG00000118473.20,0.21176187661720472,9.25405487292618e-6
ENSG00000092054.12,0.211487008651944,9.510298224725002e-6
ENSG00000111432.4,0.21128837455581656,9.699662284952098e-6
ENSG00000080986.11,0.21128285942285388,9.70497089912248e-6
ENSG00000119899.12,0.21106795730896982,9.913992673979239e-6
ENSG00000100697.13,0.21101849180333795,9.962707692282594e-6
ENSG00000008277.13,0.21097227255717962,1.0008431528169272e-5
ENSG00000114529.11,0.2108184183958885,1.0162079858511438e-5
ENSG00000100373.8,0.2105115855135656,1.0475230580238602e-5
ENSG00000089050.13,0.21014766398739626,1.0858552406343907e-5
ENSG00000100276.9,0.21000263544062597,1.101500063607929e-5
ENSG00000082126.16,0.20991872738678355,1.1106492515774861e-5
ENSG00000042832.10,0.2097038158563231,1.1344137039096e-5
ENSG00000007341.17,0.20965364525771582,1.1400306901275443e-5
ENSG00000099954.17,0.2095606251014844,1.1505150863438406e-5
ENSG00000111674.7,0.20955623281124325,1.1510124065161129e-5
ENSG00000118946.10,0.20947293534922787,1.1604826201548802e-5
ENSG00000115297.10,0.20936087693847236,1.1733396789914303e-5
ENSG00000105278.9,0.20931491083288375,1.1786527038312364e-5
ENSG00000117569.17,0.2091609930397834,1.1966104870627068e-5
ENSG00000065357.18,0.20904360566175448,1.21048080567061e-5
ENSG00000075826.15,0.2089097552804497,1.226482921060891e-5
ENSG00000007216.13,0.20885322065400022,1.233302014792088e-5
ENSG00000118242.14,0.20873797340008418,1.2473147292815164e-5
ENSG00000102109.8,0.20867171254508854,1.2554396791602842e-5
ENSG00000113597.16,0.2086599382594924,1.2568887055623287e-5
ENSG00000095015.5,0.2086039393841685,1.2638021156847684e-5
ENSG00000109851.6,0.20854506901251735,1.2711090084566125e-5
ENSG00000106278.10,0.20839634008937347,1.289748345520331e-5
ENSG00000107679.13,0.2081386135394592,1.3226645702594398e-5
ENSG00000087494.14,0.20805143219438543,1.333978802723922e-5
ENSG00000006740.15,0.2079735168371427,1.3441683144952234e-5
ENSG00000070182.16,0.20792537532425362,1.3505010350823646e-5
ENSG00000100162.13,0.20781816775022008,1.3647055861090413e-5
ENSG00000072364.11,0.20768650434204222,1.3823447694369906e-5
ENSG00000104643.8,0.20755713000212903,1.3998882143467112e-5
ENSG00000116668.11,0.20750734236159196,1.4066957476810323e-5
ENSG00000116209.10,0.2073847045994953,1.4235986303887577e-5
ENSG00000115339.12,0.20737123845575658,1.425466354820086e-5
ENSG00000101098.11,0.20735638443355037,1.4275292759873999e-5
ENSG00000100906.9,0.207311533445243,1.4337753954426926e-5
ENSG00000110195.10,0.20729811717088453,1.4356488376926202e-5
ENSG00000101003.9,0.20717166974304935,1.4534205514457642e-5
ENSG00000018280.15,0.20716335566666846,1.4545963588393663e-5
ENSG00000102802.8,0.20706304001665393,1.4688548066147257e-5
ENSG00000106605.9,0.2068927632968241,1.4933617407694935e-5
ENSG00000119865.7,0.206878319997011,1.4954582594884883e-5
ENSG00000112695.10,0.20678729488065345,1.5087355081555193e-5
ENSG00000112699.9,0.2067348126444075,1.5164415791158904e-5
ENSG00000097046.11,0.20663908036810416,1.5305945549729128e-5
ENSG00000103642.10,0.20662889384123367,1.5321078874785614e-5
ENSG00000107897.17,0.20651148192805854,1.5496537896189133e-5
ENSG00000112195.8,0.20635073753628988,1.573985028751479e-5
ENSG00000105866.12,0.20617593891310265,1.600855327888309e-5
ENSG00000091592.14,0.2061424747229213,1.6060489393959743e-5
ENSG00000075391.15,0.2059384036896639,1.6380686201168277e-5
ENSG00000086200.15,0.20578776568787918,1.662092386033175e-5
ENSG00000119946.10,0.20550281825928962,1.7084538434058106e-5
ENSG00000058063.14,0.20548701138971695,1.7110612705365153e-5
ENSG00000117000.8,0.20541952237997127,1.7222365111826534e-5
ENSG00000114805.15,0.2053792637122495,1.728935751486222e-5
ENSG00000111344.10,0.2053017067320064,1.7419114260557498e-5
ENSG00000111405.7,0.20529228301476013,1.7434943470177258e-5
ENSG00000078114.17,0.20504875183735408,1.784877665331626e-5
ENSG00000108602.16,0.20498956827230055,1.7950746871123408e-5
ENSG00000075290.7,0.20479700686180716,1.8286360955186158e-5
ENSG00000085832.15,0.20478369345712352,1.830978362053265e-5
ENSG00000100033.15,0.20476386602782526,1.8344719399835495e-5
ENSG00000102043.14,0.20464667501372036,1.855250486787092e-5
ENSG00000109339.17,0.2045939707206201,1.864667871265882e-5
ENSG00000110900.13,0.2045898303613157,1.8654096040832552e-5
ENSG00000072849.9,0.20444060110949297,1.8923313054578556e-5
ENSG00000088053.10,0.20442743043924386,1.8947249883885888e-5
ENSG00000090530.8,0.20430982010997917,1.916227680549827e-5
ENSG00000109929.8,0.20430001359820385,1.918031027441597e-5
ENSG00000025039.13,0.20421625482883835,1.9334994283161905e-5
ENSG00000115844.9,0.20421198215249378,1.934291662848586e-5
ENSG00000109758.7,0.20415945008790715,1.9440573083838116e-5
ENSG00000091583.9,0.20415669659670047,1.944570467374548e-5
ENSG00000004809.12,0.2040005889163501,1.9738748995288676e-5
ENSG00000065135.8,0.20389670011856403,1.9936085608740837e-5
ENSG00000088992.16,0.20387167876738307,1.9983892598282164e-5
ENSG00000048545.12,0.20351712893534007,2.067311360782509e-5
ENSG00000108417.3,0.20324494570789803,2.1217458866083175e-5
ENSG00000119715.13,0.20317746351598767,2.1354506413037297e-5
ENSG00000116329.9,0.20316036526943115,2.1389363829805816e-5
ENSG00000102128.7,0.2030659314710712,2.158285603815797e-5
ENSG00000079950.12,0.2030538337343565,2.160776360331301e-5
ENSG00000013392.7,0.20291400833964104,2.1897630575377572e-5
ENSG00000085382.10,0.2027653015999405,2.2209954562147534e-5
ENSG00000112309.9,0.20272882899600897,2.2287199478639023e-5
ENSG00000106004.4,0.20267469824234108,2.2402312245928034e-5
ENSG00000006606.7,0.2025584935783095,2.2651336870960283e-5
ENSG00000112419.13,0.20241967349132547,2.2952267503214963e-5
ENSG00000113396.11,0.2024081859696549,2.2977338978802517e-5
ENSG00000109674.3,0.20233407019288985,2.3139721777357256e-5
ENSG00000112697.14,0.20225064926472397,2.3323793133812584e-5
ENSG00000102096.9,0.20221686665380392,2.339872998186261e-5
ENSG00000101298.12,0.20221511976521983,2.34026111447351e-5
ENSG00000118454.11,0.20212218007140353,2.360998304371307e-5
ENSG00000105697.6,0.2020680197503669,2.3731630632710027e-5
ENSG00000082482.12,0.20152321542607848,2.4988804826519664e-5
ENSG00000114268.10,0.2014224528707285,2.5228134023630877e-5
ENSG00000104611.10,0.20139890347089368,2.5284380478244004e-5
ENSG00000117616.16,0.20133458755374325,2.5438601772382792e-5
ENSG00000074211.12,0.20118856396950827,2.579206424455189e-5
ENSG00000119912.14,0.20110235149467398,2.600292895604178e-5
ENSG00000028277.19,0.2009637450326447,2.6345371215604743e-5
ENSG00000102531.15,0.20086657058929097,2.6587994929090667e-5
ENSG00000115841.18,0.20081483913839684,2.6718019381329526e-5
ENSG00000019549.7,0.20018973118378136,2.8337590440529602e-5
ENSG00000111670.13,0.20017491334900234,2.837708718647441e-5
ENSG00000085662.12,0.2001550916553118,2.843000319961381e-5
ENSG00000101544.7,0.2001081406778126,2.8555716759672695e-5
ENSG00000080298.14,0.1999916065336203,2.887002213757286e-5
ENSG00000117586.9,0.1998239976136415,2.932783276891803e-5
ENSG00000114209.13,0.19967010024660423,2.97542395357363e-5
ENSG00000059804.14,0.19954575691779652,3.010304211348398e-5
ENSG00000049245.11,0.1995230727782537,3.0167090920918155e-5
ENSG00000107295.9,0.19949830079858064,3.0237182171398143e-5
ENSG00000112214.9,0.19945578853633322,3.0357828369375577e-5
ENSG00000067900.6,0.19941275856228374,3.0480407932071433e-5
ENSG00000091844.6,0.19934777771820758,3.0666407700283155e-5
ENSG00000075420.11,0.19918584383429908,3.1134611560628856e-5
ENSG00000112164.5,0.1991268348522693,3.130690236356594e-5
ENSG00000046889.17,0.19906630673981562,3.148456631278206e-5
ENSG00000085831.14,0.1990534518133804,3.152242118472752e-5
ENSG00000101222.11,0.1989978758132218,3.1686576479662646e-5
ENSG00000104343.18,0.19898873928920846,3.171364045329216e-5
ENSG00000055955.14,0.1989162722241645,3.192907705880457e-5
ENSG00000117519.14,0.19890369681577375,3.196660316579249e-5
ENSG00000063438.15,0.19889775890106265,3.1984336927051835e-5
ENSG00000013619.12,0.19863591918815382,3.2775655805537e-5
ENSG00000064692.17,0.19853747225616053,3.3077943329414916e-5
ENSG00000011198.6,0.19852102379749906,3.3128705959790306e-5
ENSG00000072210.17,0.19842661967541272,3.342148163466581e-5
ENSG00000110427.13,0.1983542362116053,3.3647621650353175e-5
ENSG00000111859.15,0.19821451247913172,3.4088248078527437e-5
ENSG00000116679.14,0.19791222170314793,3.5060298420867505e-5
ENSG00000073331.16,0.19786529615545823,3.521352476905241e-5
ENSG00000113328.17,0.1978345519187671,3.531425752346763e-5
ENSG00000111348.7,0.19772006446912851,3.569177645708379e-5
ENSG00000050555.16,0.19764040445251777,3.5956702494922963e-5
ENSG00000116983.11,0.19758598728102528,3.613874666773345e-5
ENSG00000070808.14,0.19749965951293302,3.642933293060138e-5
ENSG00000018869.15,0.19732295055420465,3.703105785347551e-5
ENSG00000101440.8,0.1972988293242221,3.711392053154805e-5
ENSG00000109255.10,0.1971710823870285,3.7555696863499186e-5
ENSG00000065675.13,0.1970685200048129,3.7913974982177554e-5
ENSG00000113282.12,0.19690589343106077,3.848870889191339e-5
ENSG00000105855.8,0.19667663401973035,3.9312939288030966e-5
ENSG00000104140.6,0.196652612602048,3.9400260438324846e-5
ENSG00000083782.6,0.19656241778292705,3.972977118545613e-5
ENSG00000089169.13,0.19642126989507952,4.025066525294001e-5
ENSG00000102218.5,0.19637763326337052,4.041300499019792e-5
ENSG00000107317.10,0.19636072971520097,4.04760568483153e-5
ENSG00000078140.12,0.195718543511787,4.294155364105669e-5
ENSG00000112249.12,0.1956499044909149,4.321331407237197e-5
ENSG00000066279.15,0.19556605469696206,4.354750433215414e-5
ENSG00000085840.11,0.19536692291424274,4.435097701848874e-5
ENSG00000101888.10,0.19532209457103855,4.453377611936066e-5
ENSG00000039537.12,0.1952720350977987,4.4738748021929816e-5
ENSG00000092140.13,0.19520802618271318,4.500213595858095e-5
ENSG00000058804.11,0.19509060741072623,4.548911230877076e-5
ENSG00000083814.11,0.19500174598954242,4.5860957414717844e-5
ENSG00000052795.11,0.19463624462939874,4.7420834937882264e-5
ENSG00000071967.10,0.1946219162246594,4.7482994883850166e-5
ENSG00000100354.19,0.19450714758347237,4.798367309374667e-5
ENSG00000109790.15,0.19447328346128817,4.813235566821464e-5
ENSG00000081189.12,0.19445025242771735,4.823372343330004e-5
ENSG00000065609.13,0.19434662998878718,4.8692302836912225e-5
ENSG00000102539.5,0.1943274047454379,4.877783553619892e-5
ENSG00000107165.11,0.19425264398346612,4.9111795581190755e-5
ENSG00000054803.3,0.19404623849731673,5.00450681911938e-5
ENSG00000114346.12,0.19404256058998967,5.006184895047457e-5
ENSG00000107643.14,0.19401549273491536,5.018551188850738e-5
ENSG00000119411.10,0.19388639487853207,5.077929187797937e-5
ENSG00000111262.4,0.19380346415019647,5.116422179503333e-5
ENSG00000072415.7,0.19379559486498235,5.1200890547331175e-5
ENSG00000091164.11,0.1937942168718597,5.120731417766158e-5
ENSG00000100292.15,0.1936647809508898,5.1814095608729344e-5
ENSG00000117461.13,0.19364443324905786,5.19100988018655e-5
ENSG00000086730.15,0.19351502823973377,5.2524591307754355e-5
ENSG00000100665.10,0.19338669397890454,5.314077846459991e-5
ENSG00000107242.16,0.19335180115609926,5.330949016192204e-5
ENSG00000113583.7,0.19332139665714934,5.345691240754207e-5
ENSG00000104763.16,0.19331407189145194,5.349248548036024e-5
ENSG00000050030.12,0.19331188605225985,5.350310544175986e-5
ENSG00000070961.13,0.19328974963152587,5.361076809043247e-5
ENSG00000033122.17,0.19305933868414996,5.474360607917369e-5
ENSG00000070831.14,0.19301800730005766,5.494919150859274e-5
ENSG00000115252.17,0.19288344806696242,5.5623559923028454e-5
ENSG00000114656.9,0.1924883422663247,5.7649140036863503e-5
ENSG00000065621.13,0.19234785086345285,5.83860247504169e-5
ENSG00000086598.9,0.19229708809938845,5.8654457456205706e-5
ENSG00000041515.14,0.19200354863059027,6.0229671023325096e-5
ENSG00000114861.17,0.19193152811165945,6.0622206116914325e-5
ENSG00000047346.11,0.19167257331918217,6.20536276598992e-5
ENSG00000070193.4,0.19162726298374416,6.230734393416634e-5
ENSG00000104918.6,0.19159966307878307,6.246236951490716e-5
ENSG00000118785.12,0.19155507977729883,6.271355778981254e-5
ENSG00000100852.11,0.19150577865870866,6.299243625777856e-5
ENSG00000119121.20,0.1913176922634399,6.406715410466721e-5
ENSG00000113763.9,0.190865704088519,6.672094143262673e-5
ENSG00000101558.12,0.1908607577747804,6.675054837330766e-5
ENSG00000104371.4,0.190806184061722,6.707803140494624e-5
ENSG00000106025.7,0.1907079844480935,6.767112151435866e-5
ENSG00000108018.14,0.19067685269589024,6.786017596256954e-5
ENSG00000104613.10,0.1905153277559142,6.884909324150949e-5
ENSG00000115507.8,0.19044907177684606,6.925865432385522e-5
ENSG00000102981.8,0.19042409155974643,6.941366485923369e-5
ENSG00000099250.16,0.19038463339951453,6.965918238083544e-5
ENSG00000113946.3,0.19037043600662507,6.974772185265855e-5
ENSG00000095564.12,0.1902413666750969,7.055752023407185e-5
ENSG00000081026.17,0.19023522841194476,7.05962524495595e-5
ENSG00000103942.11,0.19022015017620497,7.069148067079804e-5
ENSG00000064763.9,0.18998663006981545,7.218184964408575e-5
ENSG00000106829.17,0.18997419869024806,7.226201350891551e-5
ENSG00000109452.11,0.18983272064901707,7.318026745224124e-5
ENSG00000107014.8,0.18973155521221932,7.384360654813856e-5
ENSG00000031081.9,0.18969057717542628,7.411390763186874e-5
ENSG00000105146.11,0.1896117294209861,7.463663183409154e-5
ENSG00000078674.16,0.1895785099155946,7.4857900396488e-5
ENSG00000114850.5,0.18945894993884133,7.565939257435699e-5
ENSG00000102243.11,0.1891332608934284,7.788392130052029e-5
ENSG00000039319.15,0.18874717620495496,8.060077751465115e-5
ENSG00000079335.16,0.1886490761885332,8.130518998450115e-5
ENSG00000106809.9,0.18864903269560315,8.130550356987862e-5
ENSG00000007968.6,0.18863192317500957,8.142895215453868e-5
ENSG00000001561.6,0.18852467339856277,8.220681142035936e-5
ENSG00000108061.10,0.18846154869413756,8.266790731917665e-5
ENSG00000103740.8,0.188404726106546,8.308505136251412e-5
ENSG00000093100.13,0.188188856600697,8.468792519507952e-5
ENSG00000086570.11,0.18802515143618923,8.592283450695479e-5
ENSG00000116991.9,0.18786612890175053,8.713863934050486e-5
ENSG00000046604.11,0.1876999179354094,8.842670404802523e-5
ENSG00000110446.8,0.18766847810604526,8.867235660112067e-5
ENSG00000104213.11,0.1874474535782051,9.041753324775539e-5
ENSG00000064989.11,0.18713339632992448,9.295295870937078e-5
ENSG00000091128.11,0.18674725681503543,9.61620420922197e-5
ENSG00000019169.10,0.18672096477094735,9.638429495649673e-5
ENSG00000112531.15,0.1866921577982107,9.662836194616827e-5
ENSG00000100614.16,0.18661401880180217,9.729332552500389e-5
ENSG00000065559.13,0.18651274570427895,9.816156775662802e-5
ENSG00000112394.15,0.18643306053944522,9.884984939831786e-5
ENSG00000085276.16,0.18640140293383792,9.912455045179464e-5
ENSG00000009780.14,0.18640052441511523,9.913218381228791e-5
ENSG00000078399.14,0.18604497794153205,1.0226730469272125e-4
ENSG00000112245.8,0.18587478773782098,1.0380078496632455e-4
ENSG00000114331.11,0.18586159971582977,1.0392051257880359e-4
ENSG00000108556.7,0.18579181072506867,1.0455625784463378e-4
ENSG00000101347.8,0.18570403105064698,1.0536108368009498e-4
ENSG00000115267.5,0.18569904260725842,1.054069957347731e-4
ENSG00000111802.12,0.1853161883355864,1.0898733784009979e-4
ENSG00000118514.12,0.18486409889168962,1.133623299825027e-4
ENSG00000112343.10,0.18465993559766244,1.1539170931535704e-4
ENSG00000101203.15,0.18464568931547826,1.1553458395780526e-4
ENSG00000006468.12,0.18439468419558078,1.1807932261848769e-4
ENSG00000066032.17,0.18424024788644427,1.1967110113379454e-4
ENSG00000092929.10,0.18422030223776767,1.1987814531692099e-4
ENSG00000108684.13,0.18415810996674326,1.2052589004530905e-4
ENSG00000081842.16,0.1841484995970349,1.206262767847486e-4
ENSG00000065325.11,0.18409605543889457,1.2117547655449913e-4
ENSG00000102580.13,0.18409486804166011,1.2118793823514233e-4
ENSG00000006071.10,0.1838794513071648,1.234687583724053e-4
ENSG00000057294.12,0.1836897347343664,1.2551080227348713e-4
ENSG00000106526.9,0.18357754749551677,1.2673322909839156e-4
ENSG00000067842.16,0.18340455770145786,1.286401155822028e-4
ENSG00000026036.19,0.182764450433853,1.3593297078021377e-4
ENSG00000117148.7,0.18271607395877243,1.3649962112794386e-4
ENSG00000101425.11,0.18262128359694296,1.376163685243944e-4
ENSG00000115594.10,0.18245376089199122,1.396109924513083e-4
ENSG00000053770.10,0.1824410203191026,1.3976379429210949e-4
ENSG00000110243.10,0.18243640533759967,1.3981918198585676e-4
ENSG00000077943.7,0.18219718739797705,1.427185842083395e-4
ENSG00000069011.14,0.18192409455629588,1.4609750826197852e-4
ENSG00000112893.8,0.1818994864563784,1.4640563804573626e-4
ENSG00000109906.12,0.1818791285152875,1.4666101034537736e-4
ENSG00000113083.11,0.1816050886877882,1.5013952952228822e-4
ENSG00000026508.15,0.18158864991406673,1.503506362563636e-4
ENSG00000112238.11,0.18147131823736642,1.5186551608068643e-4
ENSG00000117758.12,0.18146129697140007,1.5199556304822576e-4
ENSG00000091039.15,0.18132560516930876,1.537667643201697e-4
ENSG00000083067.21,0.18126130908441515,1.546127720656024e-4
ENSG00000005187.10,0.18120500296582218,1.553572316557031e-4
ENSG00000112837.15,0.18106064579881867,1.5728125912979068e-4
ENSG00000067208.13,0.181017043020394,1.5786678759842219e-4
ENSG00000100911.12,0.18099624487330815,1.581467991294826e-4
ENSG00000107485.14,0.18094234923687683,1.5887458072259695e-4
ENSG00000119725.16,0.18050357396816566,1.6491755080708993e-4
ENSG00000100479.11,0.18041639984674468,1.6614352117468994e-4
ENSG00000110330.7,0.1804163335675421,1.661444565320387e-4
ENSG00000117152.12,0.18016450937120904,1.6973415839762317e-4
ENSG00000075336.10,0.18001411900210681,1.7191248072776869e-4
ENSG00000116663.9,0.1799423166412005,1.7296171464114662e-4
ENSG00000087237.9,0.17991800107348838,1.7331839155088397e-4
ENSG00000115145.8,0.17987416495974254,1.739631509712662e-4
ENSG00000116785.12,0.17985004616452838,1.7431885797813463e-4
ENSG00000081803.14,0.17966360713046897,1.7709157163952515e-4
ENSG00000114790.11,0.17959682026981005,1.7809483724614292e-4
ENSG00000105550.7,0.17951910491416162,1.7926897321482736e-4
ENSG00000111647.11,0.17909388958915134,1.858226425611184e-4
ENSG00000083799.16,0.1790531952652657,1.8646147727367605e-4
ENSG00000029559.6,0.1789529107680928,1.8804457311112836e-4
ENSG00000027644.4,0.1788432346060653,1.8979033459496538e-4
ENSG00000111678.9,0.1788031850117598,1.9043159563662346e-4
ENSG00000070388.10,0.17871817171086585,1.917995321638538e-4
ENSG00000117155.15,0.17869989431763109,1.920948304282673e-4
ENSG00000105642.14,0.17868282279720624,1.9237103055157412e-4
ENSG00000078053.15,0.17866042599795745,1.927339523960314e-4
ENSG00000091482.5,0.17859684083041674,1.9376779533786617e-4
ENSG00000116678.17,0.17857419341282385,1.9413727641866708e-4
ENSG00000109610.5,0.17839679898177385,1.9705428199279286e-4
ENSG00000117069.13,0.17780090920359895,2.0715610810870187e-4
ENSG00000103316.9,0.1774728302329602,2.1292274924702599e-4
ENSG00000116761.10,0.17734599800768963,2.1519207257721527e-4
ENSG00000058091.15,0.17693416520659264,2.2271773584579282e-4
ENSG00000106436.4,0.17664108765572298,2.2822249382177873e-4
ENSG00000115828.14,0.17648691225557261,2.3116913526446438e-4
ENSG00000076053.9,0.17630363612617672,2.3471823743657675e-4
ENSG00000115825.8,0.17625786464006063,2.3561250945235826e-4
ENSG00000111237.17,0.1762375313840969,2.3601079671218365e-4
ENSG00000110031.11,0.17617657414199392,2.37208601378111e-4
ENSG00000063127.14,0.17604154427839513,2.3988219682712376e-4
ENSG00000005700.13,0.17603244305269308,2.4006341104372615e-4
ENSG00000083844.9,0.17599340214396358,2.4084220632917337e-4
ENSG00000091513.13,0.17593742053070882,2.4196306049060427e-4
ENSG00000083828.14,0.1759372952366451,2.4196557456706658e-4
ENSG00000117834.11,0.17582416355463046,2.442456005300274e-4
ENSG00000043093.12,0.1758221787563893,2.4428578030875024e-4
ENSG00000095303.13,0.1757257741611408,2.4624482691917263e-4
ENSG00000118922.15,0.17549567851888112,2.509801329790395e-4
ENSG00000101745.14,0.1750485836596459,2.6042552074303425e-4
ENSG00000108798.7,0.1749003507130572,2.6362972206396735e-4
ENSG00000101752.10,0.17474293571591873,2.670727020002813e-4
ENSG00000104112.7,0.1747424674505291,2.670830062719705e-4
ENSG00000111331.11,0.17450427272957914,2.7237294015600296e-4
ENSG00000101624.9,0.17436320685586928,2.7555176565488576e-4
ENSG00000102387.14,0.17434751215169866,2.7590756921287897e-4
ENSG00000076554.14,0.17433992925082104,2.760796294894401e-4
ENSG00000105509.9,0.17433699305985068,2.761462802186974e-4
ENSG00000118307.17,0.17387923747278675,2.8672297324864606e-4
ENSG00000015153.13,0.17380154653554494,2.8855517660936127e-4
ENSG00000118777.9,0.17353490505760824,2.949269090153994e-4
ENSG00000119138.4,0.17346991081693608,2.9649981130992894e-4
ENSG00000105641.3,0.17345722690978052,2.9680768161976536e-4
ENSG00000095739.10,0.17345011934900958,2.9698033039987745e-4
ENSG00000092853.12,0.17311864831686485,3.0513695533155026e-4
ENSG00000074317.9,0.17271518440114256,3.1534717041271405e-4
ENSG00000103528.15,0.17201935803349672,3.3370830074357967e-4
ENSG00000106460.17,0.17201439924520204,3.3384265715075064e-4
ENSG00000110492.14,0.17200334418535063,3.341423712130494e-4
ENSG00000116747.11,0.1718776340789854,3.3756819486829625e-4
ENSG00000078900.13,0.17179730340770252,3.3977446733165573e-4
ENSG00000088386.14,0.17167604934434652,3.431301694022539e-4
ENSG00000116299.15,0.17163804341432834,3.4418832526661745e-4
ENSG00000106066.12,0.17151802605015404,3.475498357930598e-4
ENSG00000092421.15,0.17149169149208748,3.482915105972411e-4
ENSG00000100077.13,0.17144536478304445,3.4959981691707817e-4
ENSG00000038210.12,0.17133165706679884,3.528304656401351e-4
ENSG00000017427.14,0.17125197223281796,3.5511101880940257e-4
ENSG00000064652.9,0.17112684195034358,3.587199456155039e-4
ENSG00000064115.9,0.1709955917556894,3.625420845990146e-4
ENSG00000108255.6,0.17093915768471596,3.6419713911561694e-4
ENSG00000103254.8,0.1706798759923918,3.7189201831538157e-4
ENSG00000111728.9,0.17058177517794684,3.7484271237276127e-4
ENSG00000102468.9,0.17040733745738654,3.8014341237787945e-4
ENSG00000088836.11,0.17013581640095785,3.8853330424867117e-4
ENSG00000103599.18,0.17000342414947395,3.926864139599234e-4
ENSG00000104848.1,0.16980704617693426,3.989229246588023e-4
ENSG00000071794.14,0.16970733434687765,4.021247228590012e-4
ENSG00000106536.18,0.1695679385141293,4.0664090830852724e-4
ENSG00000101333.15,0.16954900804705103,4.072578512987193e-4
ENSG00000077522.11,0.1693998267561992,4.121502362077716e-4
ENSG00000115084.11,0.16904305413136628,4.240732650109011e-4
ENSG00000011465.15,0.16894339995654226,4.2746051491533455e-4
ENSG00000074410.12,0.16880199811870042,4.3230998722138073e-4
ENSG00000011677.11,0.1687614160222287,4.337112015993935e-4
ENSG00000033867.15,0.1686326827811671,4.3818409847351097e-4
ENSG00000078177.12,0.16849589966037565,4.4298368625926115e-4
ENSG00000110944.7,0.16817400468789476,4.544722730387911e-4
ENSG00000101017.12,0.16810256480496735,4.5705928631768815e-4
ENSG00000003436.13,0.16798663761779659,4.612864507418346e-4
ENSG00000116489.11,0.16792722499095938,4.634669320088436e-4
ENSG00000110448.9,0.16777648378482404,4.690423058403425e-4
ENSG00000059378.11,0.16764981744079116,4.7377537997067765e-4
ENSG00000049246.13,0.16706401507039614,4.96247790230066e-4
ENSG00000010379.14,0.16694282480924114,5.01018810529281e-4
ENSG00000106031.7,0.16678506792906253,5.072932391102946e-4
ENSG00000060762.17,0.16647841978010913,5.196988436825991e-4
ENSG00000115221.9,0.16636846821661233,5.242151961211641e-4
ENSG00000111711.8,0.16630132703352143,5.269909728102551e-4
ENSG00000047621.10,0.16624550696691173,5.293090919873496e-4
ENSG00000095587.8,0.16611041310069452,5.349585722533209e-4
ENSG00000002587.8,0.16579311398372196,5.484485855655571e-4
ENSG00000054598.6,0.16578636713839337,5.487388275403508e-4
ENSG00000100528.10,0.1656934524282443,5.527504474135582e-4
ENSG00000116815.14,0.165578313678543,5.577593632623662e-4
ENSG00000109654.13,0.16535746526578382,5.674850983045076e-4
ENSG00000100346.16,0.1653038837774802,5.698683285055067e-4
ENSG00000054983.15,0.16530057050734395,5.700160026389477e-4
ENSG00000117505.11,0.16528372849272913,5.707672089700494e-4
ENSG00000102010.13,0.16523314745310946,5.730288069029539e-4
ENSG00000071205.10,0.16501317799065798,5.829612076454991e-4
ENSG00000118298.9,0.1650043170330579,5.833646381295522e-4
ENSG00000094796.4,0.16500095836823764,5.835176224426624e-4
ENSG00000106537.7,0.1649996447776847,5.835774654945599e-4
ENSG00000033178.11,0.1645547412916437,6.041766196478041e-4
ENSG00000113889.10,0.16454685448004447,6.045477904680349e-4
ENSG00000070729.12,0.16409175601663115,6.263274285377041e-4
ENSG00000089775.10,0.16387956883819424,6.367287425649725e-4
ENSG00000116406.17,0.1637075920533728,6.452761915221569e-4
ENSG00000118507.14,0.1635750449405825,6.519363718108706e-4
ENSG00000118137.8,0.16356494730600094,6.524463566783093e-4
ENSG00000060709.12,0.16348769838494076,6.56360092689261e-4
ENSG00000108176.13,0.16344490130164094,6.585377160641583e-4
ENSG00000107614.20,0.163384279180394,6.616337817366946e-4
ENSG00000112053.12,0.16332713855721503,6.645643843702965e-4
ENSG00000113319.10,0.16265847153037463,6.997642444411774e-4
ENSG00000066230.9,0.16242860439942872,7.122583332262702e-4
ENSG00000102104.8,0.16232455601614879,7.179813610975972e-4
ENSG00000080293.8,0.16215983130867967,7.271289155897089e-4
ENSG00000101773.15,0.16197812000333098,7.37344851175666e-4
ENSG00000120051.13,0.16191501938106628,7.409233759918173e-4
ENSG00000105971.13,0.16189247147531885,7.422059926199955e-4
ENSG00000106686.15,0.16175461620432777,7.500925544195269e-4
ENSG00000047597.5,0.16171409885320634,7.524252148511367e-4
ENSG00000105679.7,0.1615538381426146,7.617176667224928e-4
ENSG00000065618.15,0.16124619175844213,7.7985426745918e-4
ENSG00000110002.14,0.16111229914148925,7.878716759104679e-4
ENSG00000113615.11,0.16080473675221515,8.065778694152656e-4
ENSG00000114771.12,0.1607036517820102,8.128150556954575e-4
ENSG00000049768.13,0.1606990830332189,8.130980090754005e-4
ENSG00000011295.14,0.1605684850630031,8.212248621728482e-4
ENSG00000104332.10,0.16056147820891462,8.216630002580744e-4
ENSG00000111218.10,0.16046335914117799,8.278211233687374e-4
ENSG00000089116.3,0.16045008891390095,8.286572535232488e-4
ENSG00000037749.10,0.16027470610786887,8.397813577862748e-4
ENSG00000076864.18,0.16016582450566536,8.467567286451242e-4
ENSG00000112379.8,0.15990538793698397,8.636590742113563e-4
ENSG00000081148.11,0.159763206161437,8.730177079047406e-4
ENSG00000119541.8,0.15950955923044602,8.899461802056946e-4
ENSG00000081923.9,0.15949115076745227,8.911864921014591e-4
ENSG00000116194.11,0.15943137160141774,8.952252689080261e-4
ENSG00000072571.18,0.15935320689493598,9.005317084430642e-4
ENSG00000113073.13,0.1593304702919943,9.020806944838786e-4
ENSG00000110934.9,0.15911808403929784,9.166693346908665e-4
ENSG00000060558.3,0.159115142508823,9.168729070021691e-4
ENSG00000083622.8,0.1587376906665681,9.433440406225028e-4
ENSG00000104093.12,0.15860222638601393,9.530150879625479e-4
ENSG00000101574.13,0.1584111113500977,9.668148346363157e-4
ENSG00000104154.6,0.15795501584833058,0.0010004963983262579
ENSG00000105852.9,0.15785831816701276,0.0010077749537222751
ENSG00000119969.13,0.15773173502020527,0.0010173768505794395
ENSG00000062716.9,0.1573615404838109,0.001045944096589514
ENSG00000051825.13,0.15723545344230777,0.001055841641005185
ENSG00000103544.13,0.15690446109506742,0.0010822360906889488
ENSG00000110244.6,0.15678468611699886,0.001091936259249234
ENSG00000065615.12,0.15670184122373088,0.0010986923943351386
ENSG00000114405.9,0.15664788067212249,0.001103113659230849
ENSG00000104415.12,0.1566180773177506,0.0011055626234918268
ENSG00000110013.11,0.15660257487542056,0.0011068384507095358
ENSG00000099617.3,0.15657681552230523,0.0011089614063378266
ENSG00000104290.9,0.15652852167281026,0.0011129516554237691
ENSG00000116514.15,0.15643625303920738,0.0011206120986857833
ENSG00000089356.15,0.15619774008208676,0.0011406398710279134
ENSG00000105639.17,0.15603807666503255,0.0011542303714971013
ENSG00000104687.11,0.15603180919073836,0.0011547668865490937
ENSG00000066557.5,0.15590338795427422,0.001165810832643485
ENSG00000065833.8,0.15586939555650076,0.0011687503412102461
ENSG00000007129.16,0.15571782452313845,0.0011819407691549054
ENSG00000107864.13,0.15555441810959017,0.0011963146075661887
ENSG00000105792.18,0.15526640117257937,0.0012220420719663565
ENSG00000066336.10,0.1550738358519965,0.001239526215903064
ENSG00000064201.14,0.15487031345923777,0.0012582552024945949
ENSG00000100365.13,0.1547256882417458,0.0012717220915860923
ENSG00000116183.9,0.15468029505037392,0.0012759761748962128
ENSG00000113520.9,0.15460389530777047,0.001283165646266623
ENSG00000105650.20,0.15409213618246453,0.0013322927420287892
ENSG00000106034.16,0.1540584818142554,0.0013355832756332207
ENSG00000092010.13,0.15403857459913978,0.0013375332058419595
ENSG00000048740.16,0.1539263988621563,0.0013485699364752808
ENSG00000104313.16,0.15354280321326624,0.00138694678069819
ENSG00000013293.5,0.15298007700285554,0.0014450631760244254
ENSG00000081019.12,0.15293544168267656,0.0014497673857414492
ENSG00000115361.6,0.15219660839101676,0.001529705931996737
ENSG00000100628.10,0.15212323844806938,0.0015378611569340085
ENSG00000068796.15,0.1520871323998853,0.001541889053274491
ENSG00000100095.17,0.15208224454757086,0.0015424350727321014
ENSG00000101247.16,0.15202980734350371,0.0015483039793406787
ENSG00000103253.16,0.15192004610627896,0.0015606551358349136
ENSG00000015285.9,0.15175441193730818,0.0015794647649494998
ENSG00000086548.8,0.15171525866772184,0.0016007978362474649
ENSG00000105376.4,0.15161978058503284,0.00159490666318695
ENSG00000100196.9,0.15150961720129733,0.0016076450338023518
ENSG00000091622.14,0.15141081004719228,0.0016191495811693727
ENSG00000112210.10,0.15111226388188995,0.0016543709035175254
ENSG00000103832.10,0.15102883733777567,0.0016643380692733507
ENSG00000069956.10,0.15088054864919548,0.0016821904748063508
ENSG00000104660.16,0.1508468970267398,0.001686266139066659
ENSG00000107798.16,0.1507169274005107,0.0017020923447551857
ENSG00000092470.10,0.15053459242356756,0.0017245245249169038
ENSG00000063015.18,0.1503462162216555,0.0017479841966935477
ENSG00000119900.7,0.1503079407513953,0.0017527864778088024
ENSG00000065243.17,0.14972956816005412,0.0018268394312225468
ENSG00000102683.7,0.1492370530891401,0.0018921462110074627
ENSG00000112218.8,0.1489853553177145,0.0019263396549766278
ENSG00000047617.13,0.14825480417247203,0.0020288131095342735
ENSG00000111291.7,0.14804575759550756,0.002059039692194808
ENSG00000101782.13,0.1478108533138014,0.002093495950137859
ENSG00000104447.10,0.14766116726605566,0.0021157262724646633
ENSG00000113742.11,0.1476420484301663,0.002118581151073285
ENSG00000110675.11,0.14748701506740675,0.0021418615047077458
ENSG00000109586.10,0.14734227517019355,0.0021638068879738597
ENSG00000074695.5,0.14725712514956532,0.0021768130605353494
ENSG00000116652.6,0.1471810342669754,0.0021884958806346966
ENSG00000021461.15,0.14712126012330431,0.002197713600992642
ENSG00000100433.14,0.14683702859177522,0.0022420318043691024
ENSG00000111780.8,0.14665624273996067,0.0022706434644983657
ENSG00000115353.9,0.14632346897063062,0.002324182174594792
ENSG00000100253.11,0.14624997815734428,0.0023361600584692523
ENSG00000114646.8,0.146111923715023,0.0023588132480373185
ENSG00000116147.15,0.14608422440596652,0.0023633824646356583
ENSG00000078579.8,0.14553527910600725,0.002455617320685867
ENSG00000100206.8,0.1449849228240455,0.002551373129404801
ENSG00000080200.8,0.1449668100173983,0.0025545816225058015
ENSG00000109193.9,0.14466137713883678,0.0026092425656188945
ENSG00000019991.14,0.14464378668945582,0.0026124228065974014
ENSG00000107187.14,0.1444890470329788,0.0026405512865360424
ENSG00000000971.14,0.14427870949756216,0.0026792287099223658
ENSG00000106328.9,0.14423667924121736,0.0026870189176655223
ENSG00000116833.12,0.144140440940961,0.002704934202249235
ENSG00000109265.11,0.14382826135646548,0.002763799312327218
ENSG00000108239.8,0.1436875017080998,0.002790720650971662
ENSG00000079257.6,0.14333865343918456,0.002858472236007328
ENSG00000118997.12,0.14327547768210872,0.0028709007671013555
ENSG00000078795.15,0.1430769927618095,0.002910269111495277
ENSG00000079689.12,0.14288981089340358,0.0029478447669474897
ENSG00000008394.11,0.14272040151819052,0.0029822324518992624
ENSG00000118972.1,0.1425741918972818,0.0030122036910688807
ENSG00000077279.15,0.14256704622289654,0.0030136754631583324
ENSG00000038295.6,0.14251314145918886,0.003024799140088479
ENSG00000116791.12,0.1424238740756191,0.003043302275306139
ENSG00000011083.7,0.1419387186047038,0.0031456750687320666
ENSG00000113356.9,0.14192009800808544,0.003149665823406695
ENSG00000108187.14,0.14189175669355866,0.003155748743681958
ENSG00000114547.8,0.14187413129502502,0.003159537077562901
ENSG00000089723.8,0.14186506646994637,0.0031614870435671644
ENSG00000091129.18,0.14174031666102743,0.003188433670638576
ENSG00000118503.13,0.14163430131505017,0.0032114973235439484
ENSG00000114107.7,0.14159102028615467,0.003220956588315702
ENSG00000115935.15,0.14098181127789672,0.0033568132194663454
ENSG00000100142.13,0.1409728151159597,0.00335885779726094
ENSG00000005981.11,0.14031663007959994,0.003511073294604755
ENSG00000116132.10,0.1402492918397459,0.0035270424425334953
ENSG00000113594.8,0.13955835016788212,0.0036947436889951096
ENSG00000119608.11,0.13919581678210904,0.003785595545235367
ENSG00000102471.12,0.13887551600914191,0.0038675419491005724
ENSG00000107201.8,0.13837206099964297,0.00399959653217187
ENSG00000101951.15,0.13823592086250644,0.004035999556487624
ENSG00000111879.17,0.1381549689576284,0.004057787424948504
ENSG00000074370.16,0.1380503128393522,0.004086112843680443
ENSG00000115525.15,0.13766859738369525,0.004190946920704399
ENSG00000100362.11,0.13764812939487214,0.004196636317144682
ENSG00000077254.13,0.13760917379510204,0.004207483926234252
ENSG00000111886.10,0.13759116428287047,0.004212507432080875
ENSG00000117598.10,0.13756434792321867,0.004219997533642297
ENSG00000118432.12,0.13749751776199487,0.004238716335048695
ENSG00000115355.14,0.137420835667435,0.004260287044971975
ENSG00000072657.7,0.13724830418769562,0.00430918336336524
ENSG00000101883.4,0.13720192887617255,0.004322412547007972
ENSG00000050405.12,0.13697199371961333,0.004388548215469277
ENSG00000076641.4,0.13697171344136613,0.004388629385889448
ENSG00000056487.14,0.13691915750791572,0.004403873918254411
ENSG00000071991.7,0.13683134347465561,0.004429452268624039
ENSG00000068366.18,0.13661938598150963,0.004491744572427698
ENSG00000077800.10,0.13647067642080757,0.004535919869197272
ENSG00000112208.11,0.13645763212207093,0.004539813423932592
ENSG00000119915.4,0.13640956821458136,0.004554185931236271
ENSG00000111727.10,0.13626989088895344,0.004596186919484502
ENSG00000095585.15,0.13616945410223658,0.004626603991645754
ENSG00000078142.10,0.13608664561234862,0.004651818860112218
ENSG00000111962.7,0.13605681610839945,0.004660932162854978
ENSG00000111181.11,0.13583413226683871,0.004729475557841406
ENSG00000108231.10,0.13562407769416426,0.004794963534786147
ENSG00000005513.9,0.13545782996784414,0.004847372482118787
ENSG00000034239.9,0.13538182513040237,0.0048715042887585895
ENSG00000066468.19,0.13534152553403034,0.004884343442056818
ENSG00000007001.11,0.13530421566567818,0.004896257274850906
ENSG00000107742.11,0.13528061603552743,0.004903806656063089
ENSG00000110693.14,0.1350959690183352,0.0049632372800316946
ENSG00000111696.10,0.13482390000210384,0.005051988758771685
ENSG00000116031.8,0.13452777642118097,0.005150209778523314
ENSG00000109956.11,0.1343830435475294,0.005198838977356005
ENSG00000004846.15,0.13412787252755895,0.0052855825088947185
ENSG00000119660.4,0.1340693949773804,0.005305644096851226
ENSG00000106560.9,0.13404342594453383,0.005314575111799646
ENSG00000111837.10,0.13374992901902166,0.005416456361189088
ENSG00000118271.8,0.13366286710446465,0.005447014165467435
ENSG00000118276.10,0.13361968585703038,0.005462227782521607
ENSG00000101846.6,0.13345177100861294,0.005521751501447717
ENSG00000082497.10,0.13342000251494154,0.005533078438070142
ENSG00000118702.8,0.1330255618378396,0.00567546534510688
ENSG00000075651.14,0.13281301434493292,0.0057535495023030726
ENSG00000108551.4,0.13280944640288897,0.005754868465428724
ENSG00000118564.13,0.13276203453204266,0.0057724210499126745
ENSG00000051523.9,0.13268100328419966,0.005802531421955844
ENSG00000118971.6,0.13230647087769892,0.005943545227482587
ENSG00000064835.9,0.1321493447619273,0.006003614983164461
ENSG00000100987.13,0.1320216808199777,0.0060528220077155056
ENSG00000064225.11,0.13165536691544702,0.006196030777108364
ENSG00000117115.11,0.13147095275951487,0.006269270935156273
ENSG00000004948.12,0.13105180006393738,0.006438633736713943
ENSG00000111834.11,0.13101961032399426,0.00645180838122744
ENSG00000116741.7,0.13095554902319015,0.006478099374127229
ENSG00000075043.16,0.1309058712162706,0.006498553398811269
ENSG00000104894.10,0.1308549626493017,0.006519574207681517
ENSG00000103546.17,0.1308252937326641,0.006531852978211617
ENSG00000077080.8,0.130416895804827,0.006702991366089512
ENSG00000112297.13,0.13038541738759865,0.0067163475924049325
ENSG00000109132.6,0.13034446880746162,0.006733757661795499
ENSG00000108932.10,0.13005148126471705,0.006859510725949819
ENSG00000088827.11,0.13004730085491273,0.006861320111791694
ENSG00000069667.14,0.12996415324278462,0.006897397361456357
ENSG00000075303.11,0.12985999718847882,0.006942829600787196
ENSG00000108381.9,0.12982237369344257,0.006959306479873529
ENSG00000007312.11,0.12980984892893765,0.006964799350329941
ENSG00000114450.8,0.12980464347866952,0.0069670833979201706
ENSG00000082269.15,0.12924260675915114,0.00721767327920557
ENSG00000026652.12,0.12922602920853662,0.007225185408792386
ENSG00000111816.7,0.12912193880119555,0.007272514055052687
ENSG00000039139.9,0.12905945667223712,0.007301056890556228
ENSG00000117620.11,0.12886794292432097,0.007389168473898047
ENSG00000105707.12,0.12885743616959247,0.007394029807670209
ENSG00000086506.2,0.12880198073353025,0.007419735686669273
ENSG00000068781.19,0.12871016255739098,0.007462472845790614
ENSG00000110876.9,0.12867599256042986,0.00747843349878665
ENSG00000070886.9,0.1284919929864287,0.007564904430362531
ENSG00000088756.11,0.12837360561588723,0.007621011984982983
ENSG00000079101.15,0.1283404558853148,0.007636789174333134
ENSG00000064787.11,0.12825367876578828,0.0076782278667390765
ENSG00000117054.12,0.1282158938382852,0.007696333983500184
ENSG00000023171.13,0.12795439890873953,0.007822687984745388
ENSG00000112237.11,0.12794696062910438,0.007826309083773979
ENSG00000105889.13,0.12763109072576934,0.007981468400617885
ENSG00000119973.4,0.12721072084820104,0.008192214726358314
ENSG00000021488.11,0.12696651307959195,0.008316910856731438
ENSG00000112212.10,0.12655770586860202,0.008529444680945065
ENSG00000101680.12,0.12635767010698196,0.008635193413421852
ENSG00000101278.6,0.1259476204206433,0.008855623363424589
ENSG00000036473.6,0.12586787770082564,0.008899067750439665
ENSG00000109424.3,0.1254065612073366,0.009154139411672719
ENSG00000003989.15,0.12539010497248565,0.009163357342416622
ENSG00000111249.12,0.125268073723498,0.009231970935100847
ENSG00000101596.13,0.12518350824491867,0.009279786572143924
ENSG00000117151.11,0.12495308657406645,0.009411192650863992
ENSG00000111339.9,0.12430431843306186,0.009790103392668306
ENSG00000100314.3,0.12421690369531263,0.00984217989396922
ENSG00000000005.5,0.12402154123912566,0.009959455266386967
ENSG00000060982.13,0.12374330408511003,0.010128621176311815
ENSG00000105877.16,0.12369668875884651,0.010157210914914193
ENSG00000104756.14,0.1234823451827003,0.01028959394991898
ENSG00000117528.10,0.12319704850482668,0.010468172161835352
ENSG00000105219.7,0.12307477397113809,0.010545545964407304
ENSG00000047365.10,0.12304283964492034,0.010565836909247091
ENSG00000101639.17,0.12296118801499578,0.010617875469803228
ENSG00000006659.11,0.12287180307008626,0.010675102969876941
ENSG00000112874.8,0.12240988147403585,0.010975219412098603
ENSG00000048052.20,0.12229928378068339,0.01104817537439083
ENSG00000091704.8,0.12199226283036033,0.011252957415560826
ENSG00000089041.15,0.12184321764158801,0.011353575754578349
ENSG00000118520.12,0.12163458562640847,0.011495756988899363
ENSG00000102678.6,0.1215491397955201,0.011554440760862456
ENSG00000083457.10,0.1215264177686756,0.01157009065671289
ENSG00000106258.12,0.12120260364634089,0.011795164681940905
ENSG00000085491.14,0.12106626697895671,0.011891080241524096
ENSG00000100644.15,0.12105871386367514,0.011896414099393517
ENSG00000079156.15,0.12099142801763962,0.01194402338525808
ENSG00000013725.13,0.12084069203388234,0.0120512907055659
ENSG00000091157.12,0.12083374285944909,0.012056256357652903
ENSG00000107159.11,0.12032451963882944,0.012425084930481218
ENSG00000108405.3,0.12027289596284596,0.012463026039810601
ENSG00000053524.10,0.12023846912186571,0.012488385030338134
ENSG00000060140.7,0.12017489471143433,0.012535333970728717
ENSG00000065923.8,0.12015633876553466,0.012549066643294983
ENSG00000106772.16,0.1197369734500866,0.012862985780851969
ENSG00000113924.10,0.11972542776219937,0.012871725467140603
ENSG00000075673.10,0.11919022746439867,0.01328264311818839
ENSG00000112799.7,0.11915880508121458,0.013307123897793236
ENSG00000064651.12,0.11903759206691344,0.0134019321836254
ENSG00000070731.8,0.11900093781221915,0.013430718673489711
ENSG00000078081.6,0.11898559316449829,0.013442785782065144
ENSG00000086619.12,0.11872300486881171,0.013650771297197438
ENSG00000085514.14,0.11862004734163638,0.013733089607873674
ENSG00000081051.6,0.11831436807472813,0.013980070984927097
ENSG00000112486.13,0.11821196239934245,0.014063681588004463
ENSG00000113327.13,0.11811402189929673,0.014144057648307801
ENSG00000116667.11,0.118030565177888,0.014212865880804644
ENSG00000111404.5,0.11756454227016915,0.014602527778295973
ENSG00000056291.16,0.11737783839121206,0.01476125311853683
ENSG00000020219.9,0.11731512431870092,0.014814908086320707
ENSG00000078124.10,0.11719032992085036,0.014922185504281243
ENSG00000114127.9,0.11676295648366156,0.015294754386766566
ENSG00000103534.15,0.11595450184886932,0.016021907178831157
ENSG00000119782.12,0.11562530558102678,0.016326567270966274
ENSG00000113492.12,0.11549172795723485,0.016451628243173352
ENSG00000117500.11,0.1152805361430335,0.01665106601985634
ENSG00000003987.12,0.11497412030575202,0.016944188691806285
ENSG00000057704.9,0.11474682964479778,0.017164524510575936
ENSG00000101448.12,0.11467034268122951,0.01723923223968958
ENSG00000109163.6,0.11459696101080295,0.017311173891524166
ENSG00000118492.15,0.11423086896031107,0.017674015020908176
ENSG00000100678.17,0.11422353084933472,0.01768135536479304
ENSG00000072274.11,0.11399705068081661,0.017909217432353658
ENSG00000111885.6,0.11382723101285225,0.018081751006278454
ENSG00000103023.10,0.11373636303158034,0.01817466556152465
ENSG00000065809.12,0.11266814526213967,0.019298569405709457
ENSG00000007908.14,0.11213897693455986,0.019877405305829352
ENSG00000069974.14,0.1118532745216104,0.020196158172445095
ENSG00000091972.17,0.11168128925275005,0.020390174298206633
ENSG00000116783.13,0.11162332183855966,0.020455931230352012
ENSG00000003096.12,0.1114923326429439,0.020605201593665662
ENSG00000102854.13,0.1114918431593913,0.020605761160997226
ENSG00000118985.13,0.11135027446219084,0.020768154692577184
ENSG00000110723.10,0.11119093219222827,0.020952265097178492
ENSG00000104826.10,0.11088576980600512,0.02130882121801799
ENSG00000112333.10,0.11025711255229886,0.022059984265927667
ENSG00000101251.10,0.11025371795167872,0.02206410188761335
ENSG00000084734.7,0.10997860878385304,0.022400029463431705
ENSG00000101977.18,0.10987138405808476,0.022532153403502543
ENSG00000112319.16,0.10958217996261267,0.022891885834680773
ENSG00000104765.13,0.1095404379639507,0.022944215889225565
ENSG00000091106.17,0.10936164330801741,0.023169535963571443
ENSG00000090339.7,0.1092356469398791,0.02332946646516255
ENSG00000102174.8,0.10911496530450997,0.023483545342916363
ENSG00000105122.11,0.10911488513732279,0.02348364798724437
ENSG00000108984.12,0.10908508272562133,0.02352183324290713
ENSG00000012124.13,0.10907122566652962,0.02353960630552613
ENSG00000002745.11,0.10871467003969701,0.024000935255497836
ENSG00000109101.6,0.108573910542093,0.02418519618727858
ENSG00000053747.14,0.10824186851284451,0.024624703252406992
ENSG00000106302.8,0.10615278408397111,0.027551179631110447
ENSG00000105398.3,0.10578891386673353,0.02809034925379367
ENSG00000003137.7,0.10567941225931515,0.028254368387956117
ENSG00000100784.8,0.10546690456217168,0.02857502471293931
ENSG00000107968.8,0.10545544652760129,0.028592402314545375
ENSG00000055732.11,0.1053109784126657,0.028812286312452907
ENSG00000062096.13,0.10511608639181372,0.029111214353756944
ENSG00000105610.4,0.104810680705984,0.029584998647963753
ENSG00000004838.12,0.10471335840271288,0.02973735927866163
ENSG00000112137.15,0.10452980215859412,0.0300265517686591
ENSG00000027697.11,0.10436202260197945,0.030292991933537884
ENSG00000101958.12,0.10429874211958626,0.030394008085421
ENSG00000072858.9,0.10347735450007312,0.03173159403601902
ENSG00000111817.15,0.10332274470157653,0.031988913902502344
ENSG00000114757.17,0.1032336736372367,0.03213796411531238
ENSG00000005102.11,0.10303018453461935,0.03248070649170034
ENSG00000069812.10,0.10302102956794894,0.03249619952548978
ENSG00000105467.7,0.10294047584240536,0.03263279347830985
ENSG00000000938.11,0.10273206909939309,0.032988461947026815
ENSG00000080709.13,0.1025137494411869,0.03336458901925966
ENSG00000106714.16,0.10213840636895241,0.034019788153732036
ENSG00000107249.20,0.10210164683424,0.03408454092957328
ENSG00000108561.7,0.10209285932580424,0.034100035868708675
ENSG00000106128.17,0.10180756137088286,0.03460636887471668
ENSG00000111245.13,0.10180423484352621,0.0346123101751434
ENSG00000115850.8,0.1017336814086397,0.03473852584688778
ENSG00000107593.16,0.10169282621649153,0.03481179214846037
ENSG00000082397.14,0.10162304859636678,0.034937229607538534
ENSG00000111701.6,0.10158432150098815,0.035007014125704394
ENSG00000050767.14,0.10147340711318008,0.03520753346234939
ENSG00000115138.9,0.10092557593415422,0.03621233053452286
ENSG00000071575.10,0.10091914384947923,0.036224271041257604
ENSG00000094963.12,0.09997059539806957,0.03802215026203008
ENSG00000093072.14,0.09995837746784611,0.03804579270891741
ENSG00000086300.14,0.09948927285689185,0.038963007225026026
ENSG00000011600.10,0.09943044411145557,0.03907934191412796
ENSG00000101265.14,0.09905701931245214,0.03982467067502876
ENSG00000114248.8,0.09884438366597662,0.040254421604720175
ENSG00000007933.11,0.09833442251081137,0.04130108249185129
ENSG00000109181.10,0.09783020399981227,0.042358447468037706
ENSG00000113369.7,0.09749684768257018,0.043069965276469946
ENSG00000108590.9,0.09672167938108653,0.04476348531196077
ENSG00000101638.12,0.0965550883631547,0.04513465424096051
ENSG00000021355.11,0.09627812134040105,0.045757465574507966
ENSG00000107954.9,0.09581854304978381,0.04680682568496898
ENSG00000080166.14,0.09520128248555777,0.04824790907865833
ENSG00000105048.15,0.0947989477399116,0.04920706860244857
ENSG00000113525.8,0.0944100846679343,0.05014921334249303
ENSG00000118113.10,0.09410659975331923,0.050894929152003957
ENSG00000116882.13,0.09377327391465447,0.05172461075191787
ENSG00000115616.2,0.09355045052828746,0.05228550617031996
ENSG00000091137.10,0.09290198412118528,0.053946745069284374
ENSG00000104626.13,0.09284410355376552,0.05409713401856653
ENSG00000099769.5,0.09238923448642929,0.055291181044901494
ENSG00000119913.4,0.09232384954700738,0.055464604753952665
ENSG00000110203.7,0.09214197426412239,0.05594937860794102
ENSG00000108950.10,0.0919541625700382,0.05645366078591395
ENSG00000069764.8,0.09150092223110491,0.057686173113720325
ENSG00000010310.7,0.0914149191788254,0.057922542325844706
ENSG00000119508.16,0.09137494925341896,0.058032667641731046
ENSG00000066926.9,0.0913681431222886,0.058051437188775416
ENSG00000119698.10,0.09120658414786635,0.058498452951717066
ENSG00000007062.10,0.09089457611840002,0.05936980913688522
ENSG00000113805.8,0.09011700996562153,0.06158813052646607
ENSG00000009694.12,0.08948078322351444,0.06345369311341084
ENSG00000107859.8,0.08927479329980603,0.06406758185824656
ENSG00000070526.13,0.08894910015959401,0.06504817412523038
ENSG00000109794.12,0.0889318807338166,0.06510035961755462
ENSG00000115592.10,0.088745061563377,0.06566875204133975
ENSG00000089101.16,0.08855250371414795,0.06625886422059053
ENSG00000049130.12,0.08816493065934003,0.06745982067538565
ENSG00000100290.2,0.0878142091966458,0.06856191522472377
ENSG00000102313.8,0.08780418290204328,0.06859363702406515
ENSG00000052850.5,0.08776858863474489,0.06870634942539472
ENSG00000009724.15,0.0877352886173375,0.06881193415822143
ENSG00000111846.14,0.0874000403608635,0.06988232878887701
ENSG00000112706.10,0.0872558651057061,0.07034682670278511
ENSG00000113100.8,0.08720706196720844,0.07050462931137604
ENSG00000049089.12,0.086994448734758,0.07119548360747596
ENSG00000105835.10,0.08690978110587816,0.0714721332060896
ENSG00000081985.9,0.08670471975047846,0.07214580564491445
ENSG00000119686.8,0.0864696026180813,0.07292458553350982
ENSG00000117601.12,0.08581884125951013,0.07511590579093184
ENSG00000116981.3,0.08510401722193169,0.07758438473352466
ENSG00000069018.16,0.0850579063058058,0.07774585256306678
ENSG00000115295.18,0.08494584777143029,0.07813938782063064
ENSG00000111912.17,0.08487363882482223,0.07839383150467123
ENSG00000115085.12,0.08472751225838526,0.07891079563821393
ENSG00000118515.10,0.08424567468396649,0.08063504188420927
ENSG00000101349.15,0.08386359134242309,0.08202388771604294
ENSG00000043591.5,0.08356851636383973,0.08310964222738791
ENSG00000109272.3,0.08263587064304878,0.08661788281026679
ENSG00000065413.15,0.08262770794108407,0.08664910563102517
ENSG00000102239.4,0.08253500468741756,0.08700433689807835
ENSG00000049247.12,0.08230444004694651,0.08789292274276543
ENSG00000057657.13,0.08213111206673228,0.08856571170800408
ENSG00000042813.6,0.08209147084680567,0.08872016255645356
ENSG00000074966.9,0.0819991914509805,0.08908054109239763
ENSG00000019186.8,0.08159663212701761,0.0906664215314511
ENSG00000011590.12,0.08100120300193484,0.09305351788413908
ENSG00000068985.4,0.08085082872246069,0.09366425592564794
ENSG00000113303.10,0.08025474595051857,0.09611680354430835
ENSG00000105392.14,0.0797831608755801,0.0980931750676263
ENSG00000103449.10,0.07972234481117675,0.09835038800115063
ENSG00000101200.5,0.07967500517212951,0.09855097558573972
ENSG00000113580.13,0.07886186097060074,0.10204750583027393
ENSG00000104951.14,0.07846930198685294,0.10377037165194795
ENSG00000029534.18,0.07843006354181789,0.10394384034965365
ENSG00000114251.12,0.07817616867976987,0.10507183609677508
ENSG00000084674.12,0.07789201082466247,0.10634574143822162
ENSG00000105605.6,0.07786568355274362,0.10646438395368502
ENSG00000082212.10,0.07786139578456519,0.10648371646067177
ENSG00000015568.11,0.0778493477404578,0.10653805301331282
ENSG00000099958.13,0.07753679128576933,0.10795534813586506
ENSG00000102934.8,0.07741600325202865,0.10850703288949552
ENSG00000012779.9,0.077154035433605,0.10971117691929028
ENSG00000101695.7,0.07705947684735244,0.11014839485211295
ENSG00000083720.11,0.07674726117709257,0.11160175905433675
ENSG00000101204.14,0.0766171503496427,0.11221185825255495
ENSG00000111860.12,0.07656708927073277,0.1124472953558257
ENSG00000100342.19,0.07612784155941499,0.11452975324794382
ENSG00000072818.10,0.07605438447312063,0.11488094378207109
ENSG00000107831.11,0.0750517345015244,0.11975935952516294
ENSG00000078328.18,0.07503064351576794,0.11986368810468224
ENSG00000024526.15,0.07495676340949761,0.1202297026265139
ENSG00000108452.1,0.07461965373926807,0.1219108787228883
ENSG00000081052.11,0.07440970178959931,0.12296713434528926
ENSG00000108878.4,0.07437359952148867,0.12314947824582251
ENSG00000115665.7,0.07420896854417339,0.12398365857010372
ENSG00000079841.17,0.07395867709337597,0.1252602876646888
ENSG00000082556.9,0.07373915408788667,0.12638836392382682
ENSG00000010610.8,0.0735843367411761,0.1271886620549375
ENSG00000100024.13,0.07310566711625979,0.12968791964097823
ENSG00000088926.12,0.07283327584388388,0.13112701253322198
ENSG00000100121.11,0.07268188337550956,0.1319321643591473
ENSG00000037965.5,0.07246620818985067,0.1330857776314183
ENSG00000079393.19,0.07243862122037374,0.1332338956341568
ENSG00000108759.3,0.07216393111983982,0.13471568616548713
ENSG00000110080.17,0.07185076778141959,0.13642046644388325
ENSG00000008118.8,0.0717278903875858,0.13709389371108166
ENSG00000113905.4,0.07125174643786464,0.1397275462496089
ENSG00000070748.16,0.07120958027708976,0.1399626335846087
ENSG00000109832.11,0.07115933611632762,0.1402431537098487
ENSG00000110436.10,0.07043445882780726,0.14433835777096787
ENSG00000111713.2,0.07020190830116244,0.1456713242958371
ENSG00000114455.12,0.0700903510218186,0.14631408812137536
ENSG00000075891.20,0.06910978415192451,0.1520572218783657
ENSG00000086288.10,0.06903961759551495,0.15247465012670217
ENSG00000095627.8,0.06893555402924285,0.15309533471022946
ENSG00000006747.13,0.06878211932358078,0.15401398328258126
ENSG00000105695.13,0.06788773697864023,0.159452131994437
ENSG00000104814.11,0.06780434834303681,0.15996644854419279
ENSG00000105675.7,0.06755650673212077,0.16150244078805642
ENSG00000022556.14,0.06752565006261027,0.16169444845977124
ENSG00000104938.15,0.0675111933048057,0.16178446565175547
ENSG00000113249.11,0.0670678824702998,0.1645631444511425
ENSG00000081479.11,0.06677814419926206,0.16639848585790118
ENSG00000095777.13,0.066654245322181,0.1671879858351729
ENSG00000025708.11,0.06643680621069571,0.1685803116433142
ENSG00000099937.9,0.0662488345861905,0.16979092137042465
ENSG00000109182.10,0.06592279344067208,0.1719061359585612
ENSG00000112541.12,0.06549118636142709,0.17473635817963792
ENSG00000072041.15,0.06522167006388635,0.1765211797679039
ENSG00000111801.14,0.06522041747616077,0.17652950628992428
ENSG00000077935.15,0.06501694371020175,0.17788596487111358
ENSG00000040731.9,0.06495100603327975,0.17832719324516952
ENSG00000078043.14,0.06487159422070524,0.17885966174873474
ENSG00000106546.11,0.0646070910190893,0.18064169596805854
ENSG00000101180.14,0.06422301885299163,0.18325264350034942
ENSG00000114166.7,0.06410068623760125,0.18409009170466745
ENSG00000109061.9,0.0637965272481887,0.18618449496420802
ENSG00000062524.14,0.06321667315907155,0.1902258276372196
ENSG00000105383.13,0.06237314899569228,0.19621922667097152
ENSG00000019505.6,0.06222285239673639,0.197301426326993
ENSG00000026950.15,0.062221634681296795,0.19731021214115843
ENSG00000112773.14,0.06193057302383384,0.1994184151952315
ENSG00000089225.18,0.06098923930591032,0.20634884385533792
ENSG00000100453.11,0.06047371543128899,0.21021737528417359
ENSG00000100557.8,0.0600115102690437,0.21373003085085304
ENSG00000101670.10,0.059572990303309085,0.2171015110522797
ENSG00000010030.12,0.05927455678893595,0.21941765764629365
ENSG00000113448.15,0.05842964078115206,0.22607078295830207
ENSG00000119125.15,0.057431780112435236,0.2341114852253969
ENSG00000104899.5,0.057171192231149616,0.23624413991379517
ENSG00000108691.8,0.057023678398635196,0.23745744622973491
ENSG00000033170.15,0.056599463036963,0.24097105699137394
ENSG00000104818.14,0.05616902089186103,0.24457337102669963
ENSG00000079215.12,0.05613958463303998,0.24482108806271488
ENSG00000119922.8,0.05560050611367166,0.24938868671700146
ENSG00000080618.12,0.05557581793599362,0.2495992809293032
ENSG00000115648.12,0.05522580055302807,0.2525983144854893
ENSG00000117472.8,0.05475338490625528,0.2566856294392071
ENSG00000030419.15,0.05441262314211407,0.25966214199230275
ENSG00000104972.13,0.054328845191120544,0.26039756494980704
ENSG00000016082.13,0.054181276582123274,0.2616964477556711
ENSG00000106688.10,0.05376409277197239,0.26539256469609984
ENSG00000102891.3,0.05331452398069943,0.26941553807025015
ENSG00000100448.3,0.05302132075146943,0.27206162775267484
ENSG00000101542.8,0.05291350911466864,0.27303904525318345
ENSG00000106013.11,0.05251240611764915,0.27669643268982064
ENSG00000103200.6,0.05221380465363332,0.2794406902752795
ENSG00000103375.9,0.0515253223827479,0.2858381715472664
ENSG00000100652.4,0.051367851021782505,0.28731517036757087
ENSG00000110665.10,0.050965977039242,0.29110776609568384
ENSG00000108688.10,0.050673268705382454,0.29389115794196063
ENSG00000082929.7,0.05062302314840014,0.2943707305061308
ENSG00000030304.11,0.050619063626955764,0.29440854467034133
ENSG00000113749.6,0.050371029612347164,0.2967837842533191
ENSG00000116176.6,0.05015047364792926,0.29890658576976237
ENSG00000116014.8,0.049902169247328744,0.3013085161616759
ENSG00000005421.7,0.04969415800178231,0.3033305102703623
ENSG00000115705.19,0.049607391698194336,0.3041765808732158
ENSG00000115415.17,0.0495801107903791,0.30444292330414024
ENSG00000087128.8,0.04925174121107653,0.3076608859764712
ENSG00000112782.14,0.0491092305128509,0.3090644207348463
ENSG00000110245.10,0.04857116627282106,0.3144015788608369
ENSG00000114349.8,0.048054365700851316,0.31958434168855393
ENSG00000104941.6,0.048054077466617634,0.3195872477144301
ENSG00000104043.13,0.0479399175847151,0.3207395813628279
ENSG00000005844.16,0.0478035703700167,0.32211941574049263
ENSG00000105246.5,0.04773094629482942,0.32285594497881054
ENSG00000111254.6,0.04769599754496644,0.32321077331121306
ENSG00000113600.9,0.04668079991382603,0.3336283720886495
ENSG00000077327.14,0.04601969342222945,0.34052717712882474
ENSG00000078596.9,0.04526752394697716,0.3484861722758438
ENSG00000101336.11,0.04369656936324777,0.3654854370052407
ENSG00000112232.8,0.04361705224732126,0.36635938865769013
ENSG00000119547.5,0.043459596813633726,0.36809376837552954
ENSG00000075429.7,0.043241702136802285,0.37050227576274053
ENSG00000077984.5,0.0429538646323724,0.3736988100327454
ENSG00000071677.1,0.042375291754393904,0.38017531675569016
ENSG00000110887.6,0.041996571730506194,0.3844516729481029
ENSG00000071909.17,0.04172150179657376,0.3875759589517258
ENSG00000090512.10,0.04167168939047978,0.3881433807642093
ENSG00000114638.6,0.041663298668393085,0.38823901055054943
ENSG00000106689.9,0.041284984782804214,0.39256553315080533
ENSG00000090104.10,0.039846626202544456,0.4092791573270368
ENSG00000105428.5,0.03964731225429794,0.4116279969805823
ENSG00000106541.10,0.039197948674059985,0.4169527289094659
ENSG00000080007.7,0.038944266894188964,0.41997652058569646
ENSG00000074706.12,0.03851907599592182,0.42507333277588555
ENSG00000077009.12,0.038044243069748226,0.430807542506389
ENSG00000066185.11,0.03725149088265568,0.4404800142844477
ENSG00000065371.16,0.03691713356075027,0.44459646514580176
ENSG00000111704.9,0.03594792160286858,0.4566517377872057
ENSG00000007174.16,0.035454616568757244,0.462857189890598
ENSG00000075643.5,0.03507056556293549,0.4677205587385723
ENSG00000112096.15,0.034618954275967,0.4734753862440414
ENSG00000104055.13,0.03442616984673026,0.4759437827790236
ENSG00000003400.13,0.03438757260426439,0.47643882207965405
ENSG00000009709.10,0.034064037440694236,0.4805994426085535
ENSG00000110852.4,0.03394955085749341,0.4820764368026008
ENSG00000109819.7,0.033115454139882504,0.49291100060867565
ENSG00000042062.10,0.03290906717029821,0.4956118070115636
ENSG00000110975.7,0.03251350308159212,0.500810135094832
ENSG00000081320.9,0.03233456287371342,0.5031711133154115
ENSG00000095917.12,0.03146907541514478,0.5146727487780972
ENSG00000111335.11,0.03142514178465004,0.5152602012895132
ENSG00000010282.13,0.03132785106552883,0.5165623445938217
ENSG00000117983.16,0.03125716978681191,0.517509410692782
ENSG00000080511.3,0.03096574621265764,0.521423663198841
ENSG00000073605.17,0.030790818518384624,0.5237804728736309
ENSG00000112175.7,0.030665054817504356,0.5254782510390814
ENSG00000081138.12,0.029589834887981382,0.5401070615764823
ENSG00000069493.13,0.029351669509454975,0.5433746526257954
ENSG00000073282.11,0.029112883859769446,0.5466605685127577
ENSG00000055957.9,0.029108343145332366,0.5467231479144667
ENSG00000105369.8,0.028895471619961983,0.5496608706211719
ENSG00000006059.3,0.027893861686960147,0.5635867082653485
ENSG00000019582.13,0.027755746047431404,0.5655202051541716
ENSG00000085265.9,0.027561626657419135,0.5682430612823421
ENSG00000059728.9,0.027477727873029562,0.5694218157460249
ENSG00000104921.13,0.027470073313829352,0.5695294180329096
ENSG00000106631.7,0.02723475795022283,0.5728420207358067
ENSG00000104827.12,0.027164582262825695,0.573831665197287
ENSG00000111913.14,0.02682360804196573,0.5786516674013709
ENSG00000104237.6,0.02610474049108551,0.5888751991548766
ENSG00000006116.3,0.026062444113586648,0.5894793058377317
ENSG00000104327.6,0.02560627142870675,0.5960127052222728
ENSG00000115590.12,0.025028531358979252,0.6043340816023568
ENSG00000116218.11,0.024988946378370246,0.6049061345348097
ENSG00000076662.8,0.024919340025201547,0.6059126204979215
ENSG00000116106.10,0.02470945150396644,0.6089520535941372
ENSG00000117507.4,0.024437474596874374,0.6129006226910882
ENSG00000029153.13,0.024308116188681752,0.6147825981516569
ENSG00000118017.3,0.023825122812430925,0.6218317224602508
ENSG00000105549.9,0.023486997691829107,0.6267872495092404
ENSG00000102076.8,0.023361862042295505,0.6286255045456075
ENSG00000102145.12,0.023335113990814744,0.6290187343992091
ENSG00000038945.13,0.023123316272363005,0.6321361215254516
ENSG00000102195.8,0.022676938737850587,0.6387275445102139
ENSG00000111783.11,0.02243716013035141,0.6422800512762068
ENSG00000101812.11,0.021988529438925517,0.648948766019424
ENSG00000117226.10,0.021439407698548272,0.6571495251410406
ENSG00000100055.19,0.021048255761570208,0.6630163792665325
ENSG00000099715.13,0.020169731371689054,0.6762681640266732
ENSG00000008438.4,0.020158379302202163,0.6764400669614714
ENSG00000007038.9,0.01991646674765347,0.6801072999570796
ENSG00000095981.9,0.01911556434377899,0.6923019377962619
ENSG00000100450.11,0.019084931256588358,0.6927699675550412
ENSG00000091138.11,0.018309582715478973,0.7046546771302411
ENSG00000005059.14,0.018253461029995255,0.7055177593620476
ENSG00000100336.16,0.018094142872209677,0.7079699308309384
ENSG00000115232.12,0.01806314106856733,0.7084474520317092
ENSG00000110324.8,0.017621189613293,0.7152671766763609
ENSG00000099721.12,0.017404164925772944,0.7186244202758125
ENSG00000117322.15,0.016965923811115367,0.725420214864505
ENSG00000092009.9,0.01592928171478466,0.7415805462195384
ENSG00000116701.13,0.015894756098289397,0.7421207748734722
ENSG00000105143.11,0.015647550784797414,0.7459925264891842
ENSG00000086696.9,0.015359771026050429,0.7505078165995076
ENSG00000042781.11,0.014933755253829298,0.7572076643097727
ENSG00000116703.13,0.014898534804481313,0.757762390145905
ENSG00000006788.11,0.014657126436943486,0.7615679304223834
ENSG00000115474.6,0.014631679275596441,0.7619694140429796
ENSG00000091831.20,0.014192452492178313,0.7689091354494614
ENSG00000067048.15,0.013827459335024248,0.7746900729106816
ENSG00000107099.14,0.013516101532376798,0.7796313785609144
ENSG00000119917.12,0.013314561978765719,0.7828345992686215
ENSG00000113532.11,0.01288159699299751,0.7897283941222605
ENSG00000109158.9,0.01217759635381885,0.8009725660738226
ENSG00000116996.8,0.012029468659489216,0.8033437617501396
ENSG00000117016.8,0.011899627916294906,0.8054237092265526
ENSG00000101445.8,0.011802124087760182,0.8069865478853298
ENSG00000010671.14,0.01170257724070634,0.8085829255362513
ENSG00000054796.11,0.011558233261012052,0.8108990993667556
ENSG00000042304.9,0.011533642125568094,0.8112938590081797
ENSG00000101746.14,0.011187559616751065,0.8168545228226352
ENSG00000104974.9,0.010340474269159948,0.8305033006707294
ENSG00000117594.8,0.010078021308360972,0.8347426753607609
ENSG00000105694.3,0.009635197338036257,0.8419063634627557
ENSG00000077498.8,0.009543945837616608,0.8433842071138451
ENSG00000047936.9,0.009432585970876074,0.8451884556744966
ENSG00000115009.10,0.009406957164420925,0.8456038075997064
ENSG00000112761.17,0.009063816719536565,0.8511689700976479
ENSG00000072080.9,0.009056020025989679,0.851295506349525
ENSG00000111046.3,0.008480989798360596,0.8606382509068684
ENSG00000077420.14,0.008450503887143381,0.8611341225644247
ENSG00000019102.10,0.008170713940928243,0.8656875977023925
ENSG00000102970.9,0.007198600119439166,0.8815419997298974
ENSG00000004939.12,0.006340424308710794,0.8955777978880115
ENSG00000022355.13,0.005872115105750919,0.9032512238254513
ENSG00000111241.2,0.00576930547704488,0.9049370306221332
ENSG00000100079.6,0.0055689174242558774,0.9082240867635603
ENSG00000117009.10,0.005510560401607701,0.9091816405207793
ENSG00000112414.13,0.004506684560716975,0.9256732044786642
ENSG00000105370.6,0.004172471707596561,0.9311710402816786
ENSG00000110079.15,0.0030318585336955497,0.949957324107817
ENSG00000112038.16,0.002100868419426148,0.9653120944317899
ENSG00000114204.13,0.001990994972940559,0.9671251877504283
ENSG00000114378.15,0.0016752672062402005,0.9723361274867397
ENSG00000096996.14,0.00137144820224321,0.9773516325504988
ENSG00000012817.14,6.559903673480381e-4,0.9891657267505696
ENSG00000102524.10,2.2512638254689908e-4,0.9962817340555352
ENSG00000089692.7,-1.1436325693074693e-4,0.9981111314600821
ENSG00000115488.3,-4.09401867898826e-4,0.9932382320606896
ENSG00000035720.6,-7.390246035355952e-4,0.9877944419777953
ENSG00000084110.9,-0.0010926791833512574,0.9819543973049467
ENSG00000084453.15,-0.001561216024142303,0.974218790113306
ENSG00000116745.6,-0.002270032867007639,0.962520954321261
ENSG00000047457.12,-0.003563832378680278,0.9411914486195452
ENSG00000104219.11,-0.003752023234283226,0.9380920802271694
ENSG00000096968.11,-0.003911648278706362,0.9354639007727924
ENSG00000100385.12,-0.004217653366367343,0.9304276001633782
ENSG00000103522.14,-0.0042589794366280674,0.9297476546523773
ENSG00000036565.13,-0.00470533193515462,0.922407092990322
ENSG00000101842.12,-0.004788062231628221,0.9210472430130039
ENSG00000100298.14,-0.004943364952666597,0.91849513370773594
ENSG00000075388.3,-0.005159554534207115,0.9149438612826932
ENSG00000100351.15,-0.0061200628631073,0.8991873366514918
ENSG00000105501.10,-0.006290191574263123,0.8964004274502541
ENSG00000105492.14,-0.006389350211720722,0.8947766770114873
ENSG00000102055.5,-0.0068188873241963495,0.8877480447609039
ENSG00000100341.10,-0.0074992908142807665,0.8766326139180041
ENSG00000101435.4,-0.007886417450320411,0.8703189697163709
ENSG00000073905.8,-0.008386998556336163,0.8621672498811843
ENSG00000043039.6,-0.008582246487042667,0.8589916439946188
ENSG00000066294.13,-0.008645754835777427,0.8579592009530077
ENSG00000117525.12,-0.008844592152418358,0.8547283140156294
ENSG00000099399.5,-0.009067362461386527,0.8511114258278628
ENSG00000108849.6,-0.009084181048128357,0.8508384857326949
ENSG00000072694.17,-0.009536454339857944,0.8435055585085185
ENSG00000114374.11,-0.009812761371826696,0.8390322587411136
ENSG00000090376.7,-0.009940383256026232,0.836967850890151
ENSG00000106952.6,-0.010727121817160136,0.8242668038007512
ENSG00000075884.11,-0.011624215156012621,0.809840134007178
ENSG00000118596.10,-0.01167304766068168,0.8090566281201572
ENSG00000106304.14,-0.01176587117547261,0.8075678233859823
ENSG00000100012.10,-0.011974909103745353,0.8042175951554986
ENSG00000113088.5,-0.012306413697840166,0.7989119699345432
ENSG00000063515.2,-0.01367305209120433,0.777139421429273
ENSG00000067646.10,-0.013721096099256574,0.776377065697856
ENSG00000118733.15,-0.013898478350429552,0.7735642526628048
ENSG00000099725.13,-0.014044243517613663,0.7712550170294529
ENSG00000070915.8,-0.015029116214960553,0.7557063451434205
ENSG00000102290.20,-0.015545939268086739,0.7475858367818453
ENSG00000021852.11,-0.015884189261046785,0.7422861414356161
ENSG00000078898.6,-0.016284858808359344,0.7360241928560969
ENSG00000060303.5,-0.016607042783094758,0.731001495206453
ENSG00000044012.3,-0.016956944869793805,0.7255596787429162
ENSG00000106410.13,-0.01761633353604904,0.7153422376072914
ENSG00000105366.14,-0.01767330066350297,0.7144618631392554
ENSG00000092377.12,-0.018057283496218345,0.7085376891338182
ENSG00000092067.5,-0.019762225368839675,0.6824494455460078
ENSG00000117281.14,-0.020013775419961445,0.67863125277308
ENSG00000100368.12,-0.020023764782925675,0.6784797963938054
ENSG00000066813.13,-0.020782614711294882,0.667012511088965
ENSG00000021826.13,-0.021577295933132203,0.6550863371550831
ENSG00000009790.13,-0.02215756165540221,0.646432839020993
ENSG00000018607.6,-0.022601083060940882,0.639850517300325
ENSG00000092345.12,-0.02294136131790678,0.6348194779287422
ENSG00000101292.7,-0.023280066896926646,0.6298283255162651
ENSG00000010932.14,-0.023862368979642386,0.6212868842184859
ENSG00000114013.14,-0.024137638890605738,0.6172666558907727
ENSG00000057468.6,-0.025431498176072775,0.5985245281378049
ENSG00000115604.9,-0.025747035685434034,0.5939931436865588
ENSG00000108242.11,-0.02599670500972322,0.5904188028966928
ENSG00000119614.2,-0.026021304500373366,0.5900671638455536
ENSG00000008196.11,-0.026023230398883147,0.5900396380197757
ENSG00000101307.14,-0.026239444521631256,0.5869531615983136
ENSG00000105198.9,-0.026479081041767796,0.5835410614435614
ENSG00000117501.13,-0.02773659226896571,0.5657885916535039
ENSG00000082293.11,-0.0282173269576936,0.5590709456737863
ENSG00000113430.8,-0.028470483571596452,0.555548988909952
ENSG00000014257.14,-0.029392538737898495,0.5428132370366898
ENSG00000104970.9,-0.029802145607839406,0.5372024751732497
ENSG00000080572.11,-0.029935288244981602,0.5353849733434235
ENSG00000118434.7,-0.030016570042685046,0.5342769329009565
ENSG00000109684.13,-0.03001931046679315,0.5342395953167403
ENSG00000100078.3,-0.030728335378317168,0.5246236289563521
ENSG00000095110.6,-0.03150446713246636,0.5141997656638719
ENSG00000105374.8,-0.03231437910071721,0.5034377899030373
ENSG00000102962.4,-0.0325109238512584,0.5008441244411289
ENSG00000116726.4,-0.03258683947783027,0.4998442110094813
ENSG00000101082.12,-0.03269265540599351,0.4984522328218246
ENSG00000115165.8,-0.034081244569537414,0.48037766560187434
ENSG00000118308.13,-0.034155774502376925,0.47941771593851534
ENSG00000079557.4,-0.034220458284578266,0.47858543150652066
ENSG00000111305.17,-0.03540808491256471,0.46344493599527536
ENSG00000091181.18,-0.0357599848032331,0.45901034774831917
ENSG00000106648.12,-0.03584113448976555,0.45799108430523716
ENSG00000096395.9,-0.039125446637218085,0.4178156176911981
ENSG00000110484.6,-0.03971443513346348,0.41083609051916425
ENSG00000102021.9,-0.04083295225086767,0.397773147567941
ENSG00000100604.11,-0.04113824538360314,0.3942515032241559
ENSG00000104432.11,-0.04148748050118221,0.3902461135964197
ENSG00000074771.3,-0.04259223457837333,0.37773886012831104
ENSG00000106341.9,-0.04268661449221836,0.37668189122543505
ENSG00000100344.9,-0.04421002873836587,0.35987341444938326
ENSG00000046774.9,-0.045370029169147015,0.3473946455117878
ENSG00000105609.15,-0.04588613024762576,0.3419319215456633
ENSG00000102837.6,-0.04612606652407222,0.33941104252187737
ENSG00000087589.15,-0.04675477290590821,0.332862074648854
ENSG00000115934.11,-0.04768102094466868,0.3233629055316346
ENSG00000104760.15,-0.048706485607121416,0.3130536710680326
ENSG00000102245.6,-0.049810673262904004,0.3021968075274912
ENSG00000111049.3,-0.05068621066094923,0.29376771707294536
ENSG00000004848.6,-0.05095769634905333,0.2911862643725842
ENSG00000110077.13,-0.051143895480339735,0.289424581934726
ENSG00000118990.5,-0.05181410882306116,0.2831428140400933
ENSG00000118903.6,-0.05223811001657989,0.27921662807179176
ENSG00000115602.15,-0.05226649956348876,0.2789550694644826
ENSG00000043462.10,-0.054978574012366485,0.2547316330534563
ENSG00000112246.8,-0.05648808033025303,0.2418996134458648
ENSG00000105141.5,-0.05692805182291094,0.23824631785188652
ENSG00000103569.8,-0.05833348293875122,0.22683695569950385
ENSG00000109208.4,-0.05921146936527559,0.21990953501763685
ENSG00000107447.6,-0.0592453698910028,0.21964512290538524
ENSG00000118976.5,-0.05934412738074838,0.21887614566913105
ENSG00000116748.18,-0.05934562664626813,0.21886448647394446
ENSG00000111732.9,-0.05974542753444293,0.21577123911534063
ENSG00000079263.17,-0.05994590337977216,0.2142320286334923
ENSG00000110777.10,-0.06014403798156354,0.21271856245272147
ENSG00000117228.9,-0.060500499822412505,0.2100151037843126
ENSG00000119535.16,-0.06079007264973097,0.20783725387387036
ENSG00000073734.8,-0.061190890390876516,0.2048497411136246
ENSG00000089012.13,-0.061294164398280525,0.20408505031405166
ENSG00000082074.14,-0.06224582555585665,0.1971357285043136
ENSG00000104755.13,-0.062280310065630326,0.19688719369961336
ENSG00000108702.3,-0.0627254220985328,0.19369970567990083
ENSG00000073737.15,-0.0629195000265392,0.1923217790711069
ENSG00000099985.3,-0.06328807133782183,0.18972476590556464
ENSG00000116711.9,-0.06329045859830582,0.18970802922705798
ENSG00000012504.12,-0.06390822010069969,0.18541336141169928
ENSG00000118231.4,-0.06411937530865872,0.18396197014465462
ENSG00000094755.15,-0.06451771510818777,0.1812468075383855
ENSG00000073861.2,-0.06473714959702873,0.17976381872257235
ENSG00000008516.15,-0.06572741844801626,0.17318302510543998
ENSG00000109471.4,-0.06694997305890384,0.16530819758709495
ENSG00000007350.15,-0.06815782775031676,0.15779484781307485
ENSG00000105967.14,-0.06842012434647472,0.1561978668989682
ENSG00000105352.9,-0.06967727359370393,0.14871297060678346
ENSG00000112116.9,-0.07028507131581627,0.14519356399568736
ENSG00000101892.10,-0.07060176243645948,0.14338515955156853
ENSG00000100744.13,-0.0711088418848842,0.14052550400816888
ENSG00000117215.13,-0.07124622314466758,0.1397583228025197
ENSG00000073754.5,-0.07212632555658723,0.13491952996358791
ENSG00000101890.4,-0.07473512702674497,0.12133295986462146
ENSG00000005249.11,-0.07586392546686187,0.11579544056054912
ENSG00000095752.5,-0.07658583998954041,0.11235906536296338
ENSG00000036828.12,-0.07855487222367916,0.10339287049337198
ENSG00000088782.4,-0.07909842906362903,0.10102025933046065
ENSG00000100721.9,-0.07953494734466757,0.0991463354826419
ENSG00000090382.5,-0.07958380240409126,0.09893833766220919
ENSG00000064886.12,-0.08182543115507077,0.08976231589728356
ENSG00000042980.11,-0.0822975793547381,0.08791947487126335
ENSG00000109511.9,-0.08260805982755637,0.08672429796861308
ENSG00000115919.13,-0.0829082460582539,0.08558121131706331
ENSG00000106331.13,-0.0843846720921702,0.08013454178061628
ENSG00000023445.12,-0.08498214912485894,0.078011725528996545
ENSG00000105851.9,-0.08578160458802103,0.07524289681137952
ENSG00000090402.6,-0.08594058406627758,0.0747019338111504
ENSG00000026103.18,-0.08617827273575904,0.07389905431523115
ENSG00000114487.8,-0.087107074496907,0.07082883773968965
ENSG00000094661.2,-0.08723514898103854,0.07041377599218743
ENSG00000111729.11,-0.08731350347544314,0.07016082782061255
ENSG00000117090.13,-0.08767843019823152,0.06899252285304094
ENSG00000101323.4,-0.09077449771885537,0.05970800405892585
ENSG00000111863.11,-0.09111292380621,0.05875890273908525
ENSG00000105507.2,-0.09272099271644414,0.054418168026889494
ENSG00000113263.11,-0.09304442825431308,0.05357811815829106
ENSG00000090659.16,-0.09378940915895614,0.05168419034861622
ENSG00000091664.7,-0.09461399086014942,0.04965332354490168
ENSG00000007306.13,-0.09624981953160648,0.04582151176991129
ENSG00000118849.8,-0.09702376707946579,0.04409696996012402
ENSG00000074803.16,-0.10075598941934137,0.036528270743194945
ENSG00000080493.12,-0.10218584572560281,0.03393637752982809
ENSG00000108700.4,-0.10312635604065454,0.03231833523275053
ENSG00000108516.5,-0.1035079839364644,0.031680827365850296
ENSG00000113302.4,-0.1054580569292291,0.028588442502937045
ENSG00000072315.3,-0.105500092914142,0.028524741399395582
ENSG00000039987.5,-0.10558897072257376,0.028390457462374175
ENSG00000043355.9,-0.10757579711294885,0.025527172059009746
ENSG00000118491.9,-0.10760783929845871,0.025483113676158207
ENSG00000112337.9,-0.10825877399160362,0.024602160872764255
ENSG00000049249.7,-0.10843133633746822,0.02437307720770889
ENSG00000008197.4,-0.11136441855488863,0.02075188016037402
ENSG00000111700.11,-0.11287005140291924,0.01908161272843629
ENSG00000116824.4,-0.11310341902466094,0.018833499395692767
ENSG00000096006.10,-0.11507726273745328,0.0168450209199085
ENSG00000096264.12,-0.11715244155686558,0.014954890282966898
ENSG00000105825.10,-0.11718849137865879,0.014923771060940333
ENSG00000104267.8,-0.11787012446866824,0.014345972871256286
ENSG00000115263.13,-0.11798389157324128,0.01425147542033705
ENSG00000070190.11,-0.11842121780268605,0.01389329839218394
ENSG00000104499.5,-0.11955245529024949,0.013003287829984481
ENSG00000071203.8,-0.12073475319313633,0.01212718760903553
ENSG00000116721.9,-0.1234059656540328,0.010337136035206317
ENSG00000007171.15,-0.1288574219501523,0.007394036388750117
ENSG00000101327.7,-0.12946708584962816,0.007116635909191988
ENSG00000016490.14,-0.12965979806641717,0.0070309081352104156
ENSG00000108442.2,-0.13038579752094673,0.0067161861605286
ENSG00000117091.8,-0.1306146240856131,0.006619638409443164
ENSG00000081237.17,-0.13072773563466616,0.006572374610133587
ENSG00000069206.14,-0.13176792040718255,0.0061517082720724805
ENSG00000080910.10,-0.1342357387984284,0.0052487564375477665
ENSG00000112077.14,-0.1343159518155812,0.005221521240228298
ENSG00000112299.7,-0.135271821164529,0.004906622765532461
ENSG00000118245.2,-0.13572677094732036,0.004762845739472847
ENSG00000004468.11,-0.13589199574625252,0.004711577952145155
ENSG00000061492.10,-0.13662170616488725,0.004491058432593778
ENSG00000109943.7,-0.13712872950037922,0.004343368337749146
ENSG00000108342.11,-0.1402287927812255,0.0035319168174072243
ENSG00000101446.7,-0.14091815018575504,0.003371305931976628
ENSG00000066405.11,-0.142911441511357,0.002943480115907016
ENSG00000105205.6,-0.14405151965193433,0.0027215839869509863
ENSG00000111796.3,-0.1451437079899934,0.0025234028297356366
ENSG00000057149.13,-0.1461508092011687,0.002352412383752195
ENSG00000115956.9,-0.1465520898029388,0.002287277938461469
ENSG00000101916.11,-0.14693573517035483,0.002226549534735033
ENSG00000081800.7,-0.1487491280337208,0.001958944826590981
ENSG00000081041.8,-0.14889637546447962,0.0019385623157616733
ENSG00000112273.6,-0.15257247242359726,0.0014885469105382328
ENSG00000078589.11,-0.15858113092670095,9.545293411356053e-4
ENSG00000105954.2,-0.1603362022117977,8.358651906635228e-4
ENSG00000115523.15,-0.16104615514526763,7.918604087217529e-4
ENSG00000115386.5,-0.1638371013972911,6.388296111342005e-4
ENSG00000112539.13,-0.1650496284342861,5.813043764515835e-4
ENSG00000112462.8,-0.16546933717058054,5.625389769897443e-4
ENSG00000016602.9,-0.16572461070519404,5.51402155819912e-4
ENSG00000041353.8,-0.1672077587537517,4.906436252922359e-4
ENSG00000048462.9,-0.1683008679980591,4.4991177307643164e-4
ENSG00000103313.10,-0.17544835980429635,2.5196443061178356e-4
ENSG00000117560.7,-0.17712621138573856,2.1917823800022678e-4
ENSG00000101981.9,-0.17756093432965728,2.1135956453588572e-4
ENSG00000102794.8,-0.18123169198029404,1.5500394080929475e-4
ENSG00000026751.15,-0.18382176993582353,1.240862949229672e-4
ENSG00000101438.3,-0.19096458128710547,6.613168805827227e-5
ENSG00000110848.7,-0.194919014463734,4.6209732089208155e-5
ENSG00000115008.5,-0.19911461620032822,3.13426902716614e-5
ENSG00000104321.9,-0.20013723435441902,2.847775509585818e-5
ENSG00000112115.5,-0.21333434171655766,7.909924794326125e-6
ENSG00000073756.10,-0.21568787768454428,6.2402597576165305e-6
ENSG00000115607.8,-0.22391359744595593,2.6685539689347945e-6
ENSG00000050730.14,-0.22476934223471048,2.438276232330892e-6
ENSG00000111536.4,-0.23737680218475493,6.190125985538851e-7
ENSG00000105988.6,-0.2448412965112509,2.649405684335697e-7
ENSG00000111537.4,-0.24535928449003755,2.495315473121916e-7
ENSG00000093134.12,-0.2519381804071686,1.1521530706634161e-7
ENSG00000112303.12,-0.25424637353146434,8.739909444033571e-8
